Year,FAO,FAO_Name,MTI (Marine Trophic Index),FiB (Fishing-in-Balance index)
1950,18,Arctic Sea,3.331566094,0
1951,18,Arctic Sea,3.331704879,0.682210402
1952,18,Arctic Sea,3.334722293,1.282465153
1953,18,Arctic Sea,3.336353002,1.916291905
1954,18,Arctic Sea,3.336999363,2.558765257
1955,18,Arctic Sea,3.337030489,2.764236328
1956,18,Arctic Sea,3.33698477,2.765072609
1957,18,Arctic Sea,3.336979103,2.765798668
1958,18,Arctic Sea,3.336933321,2.7666328
1959,18,Arctic Sea,3.336797606,2.767495536
1960,18,Arctic Sea,3.33740274,2.757582055
1961,18,Arctic Sea,3.33725619,2.75867156
1962,18,Arctic Sea,3.337220484,2.759548648
1963,18,Arctic Sea,3.33756159,2.761907399
1964,18,Arctic Sea,3.337158177,2.761081675
1965,18,Arctic Sea,3.337122668,2.761956641
1966,18,Arctic Sea,3.33708723,2.762830842
1967,18,Arctic Sea,3.337060706,2.763485963
1968,18,Arctic Sea,3.337016563,2.764576949
1969,18,Arctic Sea,3.336990147,2.765230918
1970,18,Arctic Sea,3.336954972,2.766102252
1971,18,Arctic Sea,3.33701175,2.767198053
1972,18,Arctic Sea,3.336872383,2.768542592
1973,18,Arctic Sea,3.336853332,2.768723651
1974,18,Arctic Sea,3.336876698,2.768652332
1975,18,Arctic Sea,3.336885512,2.768434909
1976,18,Arctic Sea,3.33688897,2.768446897
1977,18,Arctic Sea,3.336901489,2.771162421
1978,18,Arctic Sea,3.337176122,2.789225853
1979,18,Arctic Sea,3.33740174,2.808926536
1980,18,Arctic Sea,3.337366031,2.804769202
1981,18,Arctic Sea,3.338032417,2.813656385
1982,18,Arctic Sea,3.33707939,2.792899234
1983,18,Arctic Sea,3.336919589,2.755741318
1984,18,Arctic Sea,3.338121839,2.94377282
1985,18,Arctic Sea,3.338788115,3.106153594
1986,18,Arctic Sea,3.339899207,3.517450124
1987,18,Arctic Sea,3.337817203,3.233162497
1988,18,Arctic Sea,3.337131746,3.222220409
1989,18,Arctic Sea,3.33688668,3.388185881
1990,18,Arctic Sea,3.337141762,3.395418471
1991,18,Arctic Sea,3.336671149,3.313060716
1992,18,Arctic Sea,3.336263864,3.270539711
1993,18,Arctic Sea,3.336379507,3.27819608
1994,18,Arctic Sea,3.335763911,3.281180408
1995,18,Arctic Sea,3.335594411,3.235783077
1996,18,Arctic Sea,3.33559445,3.235782957
1997,18,Arctic Sea,3.336299342,3.287428033
1998,18,Arctic Sea,3.336700157,3.302606492
1999,18,Arctic Sea,3.336534416,3.305830761
2000,18,Arctic Sea,3.336656012,3.315182793
2001,18,Arctic Sea,3.336266791,3.285536992
2002,18,Arctic Sea,3.335587538,3.235699502
2003,18,Arctic Sea,3.335587516,3.235699568
2004,18,Arctic Sea,3.33524978,3.244520764
2005,18,Arctic Sea,3.335585355,3.235692062
2006,18,Arctic Sea,3.335587516,3.235699568
2010,18,Arctic Sea,3.099999905,-5.510798159
1950,57,Eastern Indian Ocean,3.353533247,0
1951,57,Eastern Indian Ocean,3.856790556,-0.251738593
1952,57,Eastern Indian Ocean,3.962680679,3.964051598
1953,57,Eastern Indian Ocean,4.09542302,4.455469411
1954,57,Eastern Indian Ocean,4.235013353,5.389965562
1955,57,Eastern Indian Ocean,4.202617213,5.185997794
1956,57,Eastern Indian Ocean,4.21077418,5.55128703
1957,57,Eastern Indian Ocean,4.221741845,5.569063479
1958,57,Eastern Indian Ocean,4.204546477,5.218937632
1959,57,Eastern Indian Ocean,4.103573651,5.268589708
1960,57,Eastern Indian Ocean,4.165834096,5.520995444
1961,57,Eastern Indian Ocean,4.119877372,5.426298095
1962,57,Eastern Indian Ocean,4.185177556,5.639575809
1963,57,Eastern Indian Ocean,4.105543688,5.285456392
1964,57,Eastern Indian Ocean,4.056212782,5.289415275
1965,57,Eastern Indian Ocean,4.076753418,5.472825558
1966,57,Eastern Indian Ocean,4.045822906,5.084617994
1967,57,Eastern Indian Ocean,4.049575407,5.497221821
1968,57,Eastern Indian Ocean,4.070783698,5.550503731
1969,57,Eastern Indian Ocean,4.076326303,5.259059333
1970,57,Eastern Indian Ocean,3.744569307,5.109537061
1971,57,Eastern Indian Ocean,3.687075698,5.049157112
1972,57,Eastern Indian Ocean,3.622356914,5.015912898
1973,57,Eastern Indian Ocean,3.853306422,4.748108538
1974,57,Eastern Indian Ocean,3.822801579,5.105760292
1975,57,Eastern Indian Ocean,3.948412719,5.590669082
1976,57,Eastern Indian Ocean,3.961167426,5.998806333
1977,57,Eastern Indian Ocean,3.854965119,6.161008372
1978,57,Eastern Indian Ocean,3.902200181,6.408815747
1979,57,Eastern Indian Ocean,3.934929816,6.683768411
1980,57,Eastern Indian Ocean,3.949040972,6.816752519
1981,57,Eastern Indian Ocean,3.898208806,6.610735679
1982,57,Eastern Indian Ocean,3.722673662,6.466474556
1983,57,Eastern Indian Ocean,3.694467144,6.594945254
1984,57,Eastern Indian Ocean,3.665903618,6.549667344
1985,57,Eastern Indian Ocean,3.609406349,6.576434379
1986,57,Eastern Indian Ocean,3.577409034,6.669665525
1987,57,Eastern Indian Ocean,3.587695762,6.782804099
1988,57,Eastern Indian Ocean,3.618555414,6.77126117
1989,57,Eastern Indian Ocean,3.557443143,6.769877366
1990,57,Eastern Indian Ocean,3.546497357,6.737012857
1991,57,Eastern Indian Ocean,3.586680529,6.846272386
1992,57,Eastern Indian Ocean,3.559152785,6.857665646
1993,57,Eastern Indian Ocean,3.62474107,7.081039797
1994,57,Eastern Indian Ocean,3.694286799,7.205581653
1995,57,Eastern Indian Ocean,3.751930866,7.455157031
1996,57,Eastern Indian Ocean,3.764330353,7.517957076
1997,57,Eastern Indian Ocean,3.787964474,7.637030007
1998,57,Eastern Indian Ocean,3.779471166,7.693982158
1999,57,Eastern Indian Ocean,3.746201409,7.754725098
2000,57,Eastern Indian Ocean,3.730392303,7.746612807
2001,57,Eastern Indian Ocean,3.748329275,7.644982459
2002,57,Eastern Indian Ocean,3.742518483,7.708163821
2003,57,Eastern Indian Ocean,3.702214389,7.620929883
2004,57,Eastern Indian Ocean,3.67608239,7.680324755
2005,57,Eastern Indian Ocean,3.64180546,7.441938717
2006,57,Eastern Indian Ocean,3.613630718,7.441966312
2007,57,Eastern Indian Ocean,3.696830654,7.656526911
2008,57,Eastern Indian Ocean,3.715228719,7.728822469
2009,57,Eastern Indian Ocean,3.69694362,7.776810032
2010,57,Eastern Indian Ocean,3.701451348,7.83440532
1950,58,Indian Ocean (Antarctic),3.466340667,0
1951,58,Indian Ocean (Antarctic),3.463629536,0.45159896
1952,58,Indian Ocean (Antarctic),3.460233702,0.791452947
1953,58,Indian Ocean (Antarctic),3.45683018,1.021669762
1954,58,Indian Ocean (Antarctic),3.429711144,1.374000135
1955,58,Indian Ocean (Antarctic),3.428913195,1.408504112
1956,58,Indian Ocean (Antarctic),3.428913195,1.408504112
1957,58,Indian Ocean (Antarctic),3.472428431,1.762671077
1958,58,Indian Ocean (Antarctic),3.472428431,1.762671077
1959,58,Indian Ocean (Antarctic),3.472428431,1.762671077
1960,58,Indian Ocean (Antarctic),3.477100928,1.959118625
1961,58,Indian Ocean (Antarctic),3.477100928,1.959118625
1962,58,Indian Ocean (Antarctic),3.477100928,1.959118625
1963,58,Indian Ocean (Antarctic),3.465360287,2.211327595
1964,58,Indian Ocean (Antarctic),3.453418942,2.29310356
1965,58,Indian Ocean (Antarctic),3.465360287,2.211327595
1966,58,Indian Ocean (Antarctic),3.469295883,2.340993689
1967,58,Indian Ocean (Antarctic),3.465360287,2.211327595
1968,58,Indian Ocean (Antarctic),3.469295883,2.340993689
1969,58,Indian Ocean (Antarctic),3.465360287,2.211327595
1970,58,Indian Ocean (Antarctic),3.465360287,2.211327595
1971,58,Indian Ocean (Antarctic),3.513463477,5.980969664
1972,58,Indian Ocean (Antarctic),3.468840489,6.536689102
1973,58,Indian Ocean (Antarctic),3.474642463,4.980176303
1974,58,Indian Ocean (Antarctic),3.342909961,4.898102067
1975,58,Indian Ocean (Antarctic),2.960559058,3.7377768
1976,58,Indian Ocean (Antarctic),2.684279185,3.292041938
1977,58,Indian Ocean (Antarctic),2.449355392,3.149046144
1978,58,Indian Ocean (Antarctic),2.716569414,5.462293698
1979,58,Indian Ocean (Antarctic),2.243270001,3.92081722
1980,58,Indian Ocean (Antarctic),2.355688576,4.914218115
1981,58,Indian Ocean (Antarctic),2.326177662,5.125837408
1982,58,Indian Ocean (Antarctic),2.45546227,5.503067782
1983,58,Indian Ocean (Antarctic),2.410969382,4.702319602
1984,58,Indian Ocean (Antarctic),2.746152315,4.686992076
1985,58,Indian Ocean (Antarctic),3.089217335,5.437958938
1986,58,Indian Ocean (Antarctic),2.824192213,4.765273494
1987,58,Indian Ocean (Antarctic),2.371996865,3.562827109
1988,58,Indian Ocean (Antarctic),2.781343022,3.67005449
1989,58,Indian Ocean (Antarctic),2.797709544,3.060552105
1990,58,Indian Ocean (Antarctic),2.406833077,3.648666783
1991,58,Indian Ocean (Antarctic),2.718360556,1.840261361
1992,58,Indian Ocean (Antarctic),3.8332885,3.971732541
1993,58,Indian Ocean (Antarctic),2.445766659,2.14339221
1994,58,Indian Ocean (Antarctic),3.024160161,2.217049215
1995,58,Indian Ocean (Antarctic),2.859287154,1.981649844
1996,58,Indian Ocean (Antarctic),3.851157708,4.037788722
1997,58,Indian Ocean (Antarctic),3.864029818,4.029264267
1998,58,Indian Ocean (Antarctic),3.849972754,3.895791547
1999,58,Indian Ocean (Antarctic),3.802502711,3.571224445
2000,58,Indian Ocean (Antarctic),3.805061377,3.271942029
2001,58,Indian Ocean (Antarctic),3.719091635,2.715684529
2002,58,Indian Ocean (Antarctic),3.703376705,3.078301652
2003,58,Indian Ocean (Antarctic),3.726422831,3.144222821
2004,58,Indian Ocean (Antarctic),3.816155458,3.126882129
2005,58,Indian Ocean (Antarctic),4.091107988,4.586346792
2006,58,Indian Ocean (Antarctic),4.108412956,4.570010036
2007,58,Indian Ocean (Antarctic),4.21186036,4.611567033
2008,58,Indian Ocean (Antarctic),4.142027888,4.455313178
2009,58,Indian Ocean (Antarctic),4.01090478,3.99005526
2010,58,Indian Ocean (Antarctic),3.998886941,3.783156351
1950,61,Northwest Pacific,3.690600412,0
1951,61,Northwest Pacific,3.499665093,0.48213128
1952,61,Northwest Pacific,3.52320586,1.349756448
1953,61,Northwest Pacific,3.531126548,1.864612085
1954,61,Northwest Pacific,3.507266626,2.306545348
1955,61,Northwest Pacific,3.538616317,2.433656884
1956,61,Northwest Pacific,3.482281882,2.420858196
1957,61,Northwest Pacific,3.582958925,2.710709289
1958,61,Northwest Pacific,3.582524173,2.78625386
1959,61,Northwest Pacific,3.591147436,2.880685712
1960,61,Northwest Pacific,3.572515453,2.784298433
1961,61,Northwest Pacific,3.611206402,3.020711517
1962,61,Northwest Pacific,3.602915537,3.027842939
1963,61,Northwest Pacific,3.599501724,2.9566845
1964,61,Northwest Pacific,3.459981275,2.515112132
1965,61,Northwest Pacific,3.442059315,2.427730746
1966,61,Northwest Pacific,3.505208137,2.648386016
1967,61,Northwest Pacific,3.47961407,2.567806514
1968,61,Northwest Pacific,3.429214518,2.478593125
1969,61,Northwest Pacific,3.442183643,2.504227866
1970,61,Northwest Pacific,3.41697855,2.472204603
1971,61,Northwest Pacific,3.414614899,2.567733416
1972,61,Northwest Pacific,3.414650187,2.69585473
1973,61,Northwest Pacific,3.454246222,2.83420366
1974,61,Northwest Pacific,3.396011141,2.723585957
1975,61,Northwest Pacific,3.357185364,2.743324987
1976,61,Northwest Pacific,3.376805791,2.809162174
1977,61,Northwest Pacific,3.376863219,2.809179466
1978,61,Northwest Pacific,3.50971924,3.04489779
1979,61,Northwest Pacific,3.516890133,3.085406605
1980,61,Northwest Pacific,3.531245357,3.072320013
1981,61,Northwest Pacific,3.503884635,2.951633265
1982,61,Northwest Pacific,3.497122101,2.943906064
1983,61,Northwest Pacific,3.418778435,2.872270877
1984,61,Northwest Pacific,3.466743,3.003741681
1985,61,Northwest Pacific,3.415746204,2.750778936
1986,61,Northwest Pacific,3.372311828,2.812977149
1987,61,Northwest Pacific,3.332595656,2.757672147
1988,61,Northwest Pacific,3.336631733,2.922002351
1989,61,Northwest Pacific,3.43909227,2.971269112
1990,61,Northwest Pacific,3.470028362,3.073949548
1991,61,Northwest Pacific,3.510216056,3.229091272
1992,61,Northwest Pacific,3.434379847,3.084415676
1993,61,Northwest Pacific,3.412970512,3.173516005
1994,61,Northwest Pacific,3.346750066,2.994667416
1995,61,Northwest Pacific,3.362320493,2.961122875
1996,61,Northwest Pacific,3.400396516,2.940530298
1997,61,Northwest Pacific,3.31922682,3.179074863
1998,61,Northwest Pacific,3.302171675,3.056980134
1999,61,Northwest Pacific,3.316349243,3.122592998
2000,61,Northwest Pacific,3.36112091,3.167927597
2001,61,Northwest Pacific,3.334108055,3.061731464
2002,61,Northwest Pacific,3.374940294,2.841850345
2003,61,Northwest Pacific,3.521508037,3.067953369
2004,61,Northwest Pacific,3.443847809,2.814201762
2005,61,Northwest Pacific,3.458858852,2.938973381
2006,61,Northwest Pacific,3.397371248,2.660854899
2007,61,Northwest Pacific,3.415571951,2.860219383
2008,61,Northwest Pacific,3.414780528,2.888197274
2009,61,Northwest Pacific,3.403267912,2.889953898
2010,61,Northwest Pacific,3.40389058,2.898842854
1950,67,Northeast Pacific,3.327326016,0
1951,67,Northeast Pacific,3.209000374,0.044590896
1952,67,Northeast Pacific,3.193346983,0.139552017
1953,67,Northeast Pacific,3.176157007,0.679735575
1954,67,Northeast Pacific,3.160372918,1.011661395
1955,67,Northeast Pacific,3.171823452,0.930182954
1956,67,Northeast Pacific,3.188774234,1.427504533
1957,67,Northeast Pacific,3.176917498,0.913736346
1958,67,Northeast Pacific,3.203068351,1.306917635
1959,67,Northeast Pacific,3.200159709,1.475001721
1960,67,Northeast Pacific,3.194713877,0.787116592
1961,67,Northeast Pacific,3.164151504,1.39504333
1962,67,Northeast Pacific,3.189372397,1.495674427
1963,67,Northeast Pacific,3.183669436,1.664394922
1964,67,Northeast Pacific,3.177090032,1.556104713
1965,67,Northeast Pacific,3.303230427,0.945246996
1966,67,Northeast Pacific,3.457390532,1.281680873
1967,67,Northeast Pacific,3.649553939,1.5577214
1968,67,Northeast Pacific,3.695495359,1.609162142
1969,67,Northeast Pacific,3.615861797,1.656452167
1970,67,Northeast Pacific,3.519323023,1.687023058
1971,67,Northeast Pacific,3.547818047,1.433246076
1972,67,Northeast Pacific,3.584403429,1.823863465
1973,67,Northeast Pacific,3.563896974,1.690277683
1974,67,Northeast Pacific,3.662456611,1.999356081
1975,67,Northeast Pacific,3.598969492,1.808859367
1976,67,Northeast Pacific,3.599201243,1.882129861
1977,67,Northeast Pacific,3.42659662,1.254887859
1978,67,Northeast Pacific,3.477107513,2.623285779
1979,67,Northeast Pacific,3.435296621,2.66512819
1980,67,Northeast Pacific,3.430218693,2.777396251
1981,67,Northeast Pacific,3.452365054,3.106782504
1982,67,Northeast Pacific,3.472987721,1.245474465
1983,67,Northeast Pacific,3.494162117,1.40159886
1984,67,Northeast Pacific,3.54816359,1.445527545
1985,67,Northeast Pacific,3.568759332,1.451289242
1986,67,Northeast Pacific,3.644805877,1.619256943
1987,67,Northeast Pacific,3.682604259,2.023075981
1988,67,Northeast Pacific,3.76681956,2.390896619
1989,67,Northeast Pacific,3.552994985,3.523021785
1990,67,Northeast Pacific,3.549774995,3.193009401
1991,67,Northeast Pacific,3.577072855,2.833757877
1992,67,Northeast Pacific,3.642847223,2.235095041
1993,67,Northeast Pacific,3.531249659,1.851037424
1994,67,Northeast Pacific,3.714733379,2.31061894
1995,67,Northeast Pacific,3.614957686,1.741840345
1996,67,Northeast Pacific,3.742590795,2.131037001
1997,67,Northeast Pacific,3.729231521,2.239935851
1998,67,Northeast Pacific,3.831023027,1.713977804
1999,67,Northeast Pacific,3.792471586,1.560084562
2000,67,Northeast Pacific,3.807532951,1.682411392
2001,67,Northeast Pacific,3.749183408,1.78305845
2002,67,Northeast Pacific,3.715292857,1.812244903
2003,67,Northeast Pacific,3.720359421,2.063079643
2004,67,Northeast Pacific,3.832436309,2.509328822
2005,67,Northeast Pacific,3.78982443,2.356627834
2006,67,Northeast Pacific,3.895165444,2.47790858
2007,67,Northeast Pacific,3.895963422,2.282595516
2008,67,Northeast Pacific,3.866535617,2.303540511
2009,67,Northeast Pacific,3.739665668,1.905256097
2010,67,Northeast Pacific,3.752820995,2.036861685
1950,71,Western Cenral Pacific,4.032806473,0
1951,71,Western Cenral Pacific,3.978532534,0.551621323
1952,71,Western Cenral Pacific,3.90017745,0.777724825
1953,71,Western Cenral Pacific,3.789942418,0.947431225
1954,71,Western Cenral Pacific,3.722757628,1.52111098
1955,71,Western Cenral Pacific,3.710539222,1.689963747
1956,71,Western Cenral Pacific,3.634940936,1.689516338
1957,71,Western Cenral Pacific,3.656562133,1.699516049
1958,71,Western Cenral Pacific,3.892472257,1.756607326
1959,71,Western Cenral Pacific,3.904249573,1.8245612
1960,71,Western Cenral Pacific,3.71989419,1.453428888
1961,71,Western Cenral Pacific,3.907803937,1.778200657
1962,71,Western Cenral Pacific,4.000329372,1.98808689
1963,71,Western Cenral Pacific,3.855122821,1.594931245
1964,71,Western Cenral Pacific,3.805813283,1.851344352
1965,71,Western Cenral Pacific,3.763428088,1.935770041
1966,71,Western Cenral Pacific,3.80577752,2.229137042
1967,71,Western Cenral Pacific,3.759922966,2.064149044
1968,71,Western Cenral Pacific,3.809934136,2.426638255
1969,71,Western Cenral Pacific,3.755368426,2.243165183
1970,71,Western Cenral Pacific,3.58968479,3.039668114
1971,71,Western Cenral Pacific,3.535067798,3.244687058
1972,71,Western Cenral Pacific,3.525564591,3.441244058
1973,71,Western Cenral Pacific,3.558878191,3.495438589
1974,71,Western Cenral Pacific,3.616878641,3.583464278
1975,71,Western Cenral Pacific,3.679243596,3.480206041
1976,71,Western Cenral Pacific,3.665878233,3.414149446
1977,71,Western Cenral Pacific,3.850817232,3.640588772
1978,71,Western Cenral Pacific,3.833818705,3.648883874
1979,71,Western Cenral Pacific,3.844054237,3.654452673
1980,71,Western Cenral Pacific,3.851915081,3.711187845
1981,71,Western Cenral Pacific,3.854316558,3.698514052
1982,71,Western Cenral Pacific,3.861190355,3.81331524
1983,71,Western Cenral Pacific,3.931180461,4.143975172
1984,71,Western Cenral Pacific,3.926691481,4.177167446
1985,71,Western Cenral Pacific,3.906270049,4.15306549
1986,71,Western Cenral Pacific,3.914547986,4.365858714
1987,71,Western Cenral Pacific,3.892766302,4.420097086
1988,71,Western Cenral Pacific,3.943255631,4.611470299
1989,71,Western Cenral Pacific,3.966600431,4.741257489
1990,71,Western Cenral Pacific,3.976720413,4.857527436
1991,71,Western Cenral Pacific,4.035566337,5.139770181
1992,71,Western Cenral Pacific,4.000501053,4.976136861
1993,71,Western Cenral Pacific,3.984886776,4.94799994
1994,71,Western Cenral Pacific,4.023159247,5.269294482
1995,71,Western Cenral Pacific,4.017355176,5.1998399
1996,71,Western Cenral Pacific,4.002266222,5.118696651
1997,71,Western Cenral Pacific,4.043290773,5.234539874
1998,71,Western Cenral Pacific,4.088191335,5.513391355
1999,71,Western Cenral Pacific,3.975545231,5.395707072
2000,71,Western Cenral Pacific,3.977746701,5.443171447
2001,71,Western Cenral Pacific,3.972229189,5.469087315
2002,71,Western Cenral Pacific,3.975993868,5.445670885
2003,71,Western Cenral Pacific,3.934991089,5.330857766
2004,71,Western Cenral Pacific,3.958744802,5.357832884
2005,71,Western Cenral Pacific,3.965370782,5.403702533
2006,71,Western Cenral Pacific,4.009887576,5.59973623
2007,71,Western Cenral Pacific,4.199941473,5.849523369
2008,71,Western Cenral Pacific,4.203678923,5.853603966
2009,71,Western Cenral Pacific,4.204154001,5.893500532
2010,71,Western Cenral Pacific,4.192883655,5.867736102
1950,77,Eastern Central Pacific,4.205922221,0
1951,77,Eastern Central Pacific,4.195772396,0.300692999
1952,77,Eastern Central Pacific,4.156553783,0.665928428
1953,77,Eastern Central Pacific,4.206128002,0.899511518
1954,77,Eastern Central Pacific,4.222841443,1.166078675
1955,77,Eastern Central Pacific,4.171263486,0.968204635
1956,77,Eastern Central Pacific,4.078949109,1.048632434
1957,77,Eastern Central Pacific,4.062289239,0.946601879
1958,77,Eastern Central Pacific,4.150432592,1.109040337
1959,77,Eastern Central Pacific,4.114538646,1.003271376
1960,77,Eastern Central Pacific,4.056051659,0.982978342
1961,77,Eastern Central Pacific,4.005275484,1.032485302
1962,77,Eastern Central Pacific,4.023107581,1.024998636
1963,77,Eastern Central Pacific,4.014880412,1.017863174
1964,77,Eastern Central Pacific,4.150041061,1.627619828
1965,77,Eastern Central Pacific,4.153479337,1.55304205
1966,77,Eastern Central Pacific,4.116441971,1.309508197
1967,77,Eastern Central Pacific,4.106353295,1.455003264
1968,77,Eastern Central Pacific,4.081387083,1.228884328
1969,77,Eastern Central Pacific,4.105740798,1.3857894
1970,77,Eastern Central Pacific,4.118471173,1.473114027
1971,77,Eastern Central Pacific,4.082389576,1.417391455
1972,77,Eastern Central Pacific,4.155544561,1.517542307
1973,77,Eastern Central Pacific,4.157613508,1.558254335
1974,77,Eastern Central Pacific,4.241340796,1.685493606
1975,77,Eastern Central Pacific,4.225306837,1.679016949
1976,77,Eastern Central Pacific,4.257528767,2.130886361
1977,77,Eastern Central Pacific,4.245688907,2.118712193
1978,77,Eastern Central Pacific,4.171747333,2.253368228
1979,77,Eastern Central Pacific,4.132250219,2.205003118
1980,77,Eastern Central Pacific,4.10957703,2.146809233
1981,77,Eastern Central Pacific,4.032931289,2.130510104
1982,77,Eastern Central Pacific,4.1663641,2.20632368
1983,77,Eastern Central Pacific,4.126563728,1.987453682
1984,77,Eastern Central Pacific,4.089525436,2.077825599
1985,77,Eastern Central Pacific,4.150516657,2.616469427
1986,77,Eastern Central Pacific,4.146467577,2.619598228
1987,77,Eastern Central Pacific,4.163553051,2.632054769
1988,77,Eastern Central Pacific,4.159962828,2.709013611
1989,77,Eastern Central Pacific,4.156588592,2.727235823
1990,77,Eastern Central Pacific,4.063704341,2.646253516
1991,77,Eastern Central Pacific,4.068344522,2.674165514
1992,77,Eastern Central Pacific,4.147345032,2.703306412
1993,77,Eastern Central Pacific,4.168286588,2.633355752
1994,77,Eastern Central Pacific,4.154962308,2.680363776
1995,77,Eastern Central Pacific,4.103959087,2.656084299
1996,77,Eastern Central Pacific,4.107899917,2.585646443
1997,77,Eastern Central Pacific,4.132603475,2.663633385
1998,77,Eastern Central Pacific,4.162287382,2.661982278
1999,77,Eastern Central Pacific,4.143952948,2.588257974
2000,77,Eastern Central Pacific,4.148066813,2.641540196
2001,77,Eastern Central Pacific,4.188462266,2.810139122
2002,77,Eastern Central Pacific,4.208061628,2.910875535
2003,77,Eastern Central Pacific,4.210869223,2.801085847
2004,77,Eastern Central Pacific,4.198684855,2.711842143
2005,77,Eastern Central Pacific,4.198607272,2.603319575
2006,77,Eastern Central Pacific,4.19486212,2.566186951
2007,77,Eastern Central Pacific,4.153210719,2.256595142
2008,77,Eastern Central Pacific,4.15515789,2.276811191
2009,77,Eastern Central Pacific,4.188554936,2.463332092
2010,77,Eastern Central Pacific,4.183202475,2.470020872
1950,81,Southwest Pacific,3.489267199,0
1951,81,Southwest Pacific,3.484577778,0.592850688
1952,81,Southwest Pacific,3.484113277,0.995992787
1953,81,Southwest Pacific,3.493678995,1.795637212
1954,81,Southwest Pacific,3.47427171,2.041464302
1955,81,Southwest Pacific,3.480376679,2.14315688
1956,81,Southwest Pacific,3.787154991,4.272577093
1957,81,Southwest Pacific,3.758463734,4.284698593
1958,81,Southwest Pacific,3.72988129,3.682640886
1959,81,Southwest Pacific,3.857772462,4.302010733
1960,81,Southwest Pacific,3.83300995,4.953731275
1961,81,Southwest Pacific,3.819499012,4.940815346
1962,81,Southwest Pacific,3.790561465,4.282436021
1963,81,Southwest Pacific,3.816497597,4.945757418
1964,81,Southwest Pacific,4.150427757,6.944517875
1965,81,Southwest Pacific,4.175579166,6.892924806
1966,81,Southwest Pacific,4.183158204,7.174722444
1967,81,Southwest Pacific,4.161012992,6.947533935
1968,81,Southwest Pacific,4.075970341,6.803321248
1969,81,Southwest Pacific,3.973231448,6.557155205
1970,81,Southwest Pacific,4.038334688,5.9280881
1971,81,Southwest Pacific,3.995733122,6.446779689
1972,81,Southwest Pacific,4.034782311,6.645275944
1973,81,Southwest Pacific,4.036093223,6.709442396
1974,81,Southwest Pacific,4.008259753,6.768148537
1975,81,Southwest Pacific,4.143563899,6.988831137
1976,81,Southwest Pacific,3.969986187,6.614540269
1977,81,Southwest Pacific,3.787281697,6.617639368
1978,81,Southwest Pacific,3.947087811,7.43888476
1979,81,Southwest Pacific,3.939608096,7.875738256
1980,81,Southwest Pacific,4.041415634,8.37532147
1981,81,Southwest Pacific,3.880469955,7.805971905
1982,81,Southwest Pacific,3.864768235,7.722400934
1983,81,Southwest Pacific,3.800743617,7.610058919
1984,81,Southwest Pacific,3.758891488,7.495182591
1985,81,Southwest Pacific,3.737893125,7.393213411
1986,81,Southwest Pacific,3.882048568,8.13948236
1987,81,Southwest Pacific,3.91153269,8.362993752
1988,81,Southwest Pacific,3.970700443,8.484240837
1989,81,Southwest Pacific,3.910490745,8.480038791
1990,81,Southwest Pacific,4.076944633,8.559116025
1991,81,Southwest Pacific,4.029315804,8.514149436
1992,81,Southwest Pacific,4.030926857,8.542360023
1993,81,Southwest Pacific,4.012132684,8.282048587
1994,81,Southwest Pacific,4.000679347,8.328538528
1995,81,Southwest Pacific,3.944018705,8.053501629
1996,81,Southwest Pacific,3.905220656,7.889387722
1997,81,Southwest Pacific,3.943385416,8.053847485
1998,81,Southwest Pacific,3.992060152,8.211343839
1999,81,Southwest Pacific,3.998884038,8.116753433
2000,81,Southwest Pacific,4.026629863,8.04609449
2001,81,Southwest Pacific,3.908185299,7.867198585
2002,81,Southwest Pacific,3.873748481,7.872712485
2003,81,Southwest Pacific,3.927705087,7.954560796
2004,81,Southwest Pacific,3.845645551,7.821295208
2005,81,Southwest Pacific,3.744647116,7.49930333
2006,81,Southwest Pacific,3.853791546,7.611396623
2007,81,Southwest Pacific,3.755637611,7.448309025
2008,81,Southwest Pacific,3.717042518,7.282993461
2009,81,Southwest Pacific,3.724584401,7.285743504
2010,81,Southwest Pacific,3.784088146,7.440097303
1950,87,Southeast Pacific,3.566426018,0
1951,87,Southeast Pacific,4.041574184,0.532072761
1952,87,Southeast Pacific,4.029414928,1.380308159
1953,87,Southeast Pacific,3.926781668,1.764336412
1954,87,Southeast Pacific,3.800530501,2.065742784
1955,87,Southeast Pacific,3.961692421,2.925270383
1956,87,Southeast Pacific,3.790001277,2.556320784
1957,87,Southeast Pacific,3.797670068,2.679678298
1958,87,Southeast Pacific,3.734893982,2.516188314
1959,87,Southeast Pacific,3.842216016,2.720545445
1960,87,Southeast Pacific,3.953080236,3.264238777
1961,87,Southeast Pacific,3.97105535,3.409258002
1962,87,Southeast Pacific,3.845344281,3.158418628
1963,87,Southeast Pacific,3.933246999,3.405516184
1964,87,Southeast Pacific,3.929517695,3.484478521
1965,87,Southeast Pacific,3.854732468,3.405738363
1966,87,Southeast Pacific,3.830224169,3.532317398
1967,87,Southeast Pacific,3.757365007,3.352481499
1968,87,Southeast Pacific,3.879245686,3.807490129
1969,87,Southeast Pacific,3.904977822,3.845060445
1970,87,Southeast Pacific,3.674603945,3.860592371
1971,87,Southeast Pacific,3.590318093,3.695256715
1972,87,Southeast Pacific,3.697492575,3.86040825
1973,87,Southeast Pacific,3.630983568,4.031184269
1974,87,Southeast Pacific,3.613134158,4.19634947
1975,87,Southeast Pacific,3.6734293,4.604631641
1976,87,Southeast Pacific,3.525034391,4.505932922
1977,87,Southeast Pacific,3.47361214,4.819858317
1978,87,Southeast Pacific,3.478095442,5.288086871
1979,87,Southeast Pacific,3.454371348,5.464077445
1980,87,Southeast Pacific,3.439942627,5.444012506
1981,87,Southeast Pacific,3.505937917,5.666770344
1982,87,Southeast Pacific,3.484628078,5.771389477
1983,87,Southeast Pacific,3.520075786,5.619656276
1984,87,Southeast Pacific,3.488436369,5.838189678
1985,87,Southeast Pacific,3.515495823,5.827073581
1986,87,Southeast Pacific,3.51899505,5.761092385
1987,87,Southeast Pacific,3.5141625,5.999069644
1988,87,Southeast Pacific,3.51440054,6.178869089
1989,87,Southeast Pacific,3.521737657,6.298295277
1990,87,Southeast Pacific,3.532407851,6.406521137
1991,87,Southeast Pacific,3.540930713,6.42122071
1992,87,Southeast Pacific,3.581279318,6.268762865
1993,87,Southeast Pacific,3.582295586,6.286856184
1994,87,Southeast Pacific,3.586878467,6.513782583
1995,87,Southeast Pacific,3.556085151,6.604059005
1996,87,Southeast Pacific,3.546371646,6.466772775
1997,87,Southeast Pacific,3.569693522,6.245078007
1998,87,Southeast Pacific,3.622523315,5.872978253
1999,87,Southeast Pacific,3.719853786,6.099300183
2000,87,Southeast Pacific,3.712251894,6.194693874
2001,87,Southeast Pacific,3.664464675,6.316827954
2002,87,Southeast Pacific,3.703151502,6.2100843
2003,87,Southeast Pacific,3.694113364,6.267146066
2004,87,Southeast Pacific,3.730410948,6.508935717
2005,87,Southeast Pacific,3.754803477,6.499091784
2006,87,Southeast Pacific,3.742485369,6.465808786
2007,87,Southeast Pacific,3.709001428,6.364379627
2008,87,Southeast Pacific,3.833708575,6.579464833
2009,87,Southeast Pacific,3.810278158,6.387494167
2010,87,Southeast Pacific,3.915619602,6.335164748
1976,88,Pacific (Antarctic),2.200000048,0
1977,88,Pacific (Antarctic),2.200000048,8.126813722
1978,88,Pacific (Antarctic),2.234598586,6.385941365
1979,88,Pacific (Antarctic),2.260846839,8.326359347
1980,88,Pacific (Antarctic),2.200405638,7.891130044
1981,88,Pacific (Antarctic),2.491756842,9.422968869
1982,88,Pacific (Antarctic),2.213571697,8.847361781
1983,88,Pacific (Antarctic),2.200000086,9.275940953
1984,88,Pacific (Antarctic),2.396267056,7.050430522
1985,88,Pacific (Antarctic),2.200000218,8.479284145
1986,88,Pacific (Antarctic),2.200000048,8.24170316
1987,88,Pacific (Antarctic),2.200006366,5.97637308
1988,88,Pacific (Antarctic),3.299999952,9.544958766
1989,88,Pacific (Antarctic),3.299999952,-5.674702006
1990,88,Pacific (Antarctic),2.200000048,6.493753839
1991,88,Pacific (Antarctic),2.200001156,6.67960276
1997,88,Pacific (Antarctic),3.960000038,1.996825808
1998,88,Pacific (Antarctic),4.212499094,8.681011579
1999,88,Pacific (Antarctic),4.29698944,10.66298598
2000,88,Pacific (Antarctic),4.280981912,11.55879608
2001,88,Pacific (Antarctic),4.255458041,11.3322885
2002,88,Pacific (Antarctic),4.226652562,12.08932872
2003,88,Pacific (Antarctic),4.309669092,12.16985364
2004,88,Pacific (Antarctic),4.245658781,12.78435786
2005,88,Pacific (Antarctic),4.257544138,12.84579245
2006,88,Pacific (Antarctic),4.360449068,12.97761569
2007,88,Pacific (Antarctic),4.378590955,13.24189405
2008,88,Pacific (Antarctic),4.400930876,13.01444808
2009,88,Pacific (Antarctic),4.373445949,13.07732347
2010,88,Pacific (Antarctic),4.397427987,13.18746467
1950,21,Northwest Atlantic,4.003076013,0
1951,21,Northwest Atlantic,3.949722741,0.147758977
1952,21,Northwest Atlantic,3.882335007,0.537619345
1953,21,Northwest Atlantic,3.813483211,0.649359436
1954,21,Northwest Atlantic,3.804789982,1.116236499
1955,21,Northwest Atlantic,3.778044348,1.159236669
1956,21,Northwest Atlantic,3.777801505,1.238463589
1957,21,Northwest Atlantic,3.772491989,1.254415098
1958,21,Northwest Atlantic,3.745140843,1.32922813
1959,21,Northwest Atlantic,3.73913181,1.390627523
1960,21,Northwest Atlantic,3.850353309,1.550466607
1961,21,Northwest Atlantic,3.87489427,1.558475681
1962,21,Northwest Atlantic,3.797195966,1.332308416
1963,21,Northwest Atlantic,4.171891527,1.665103192
1964,21,Northwest Atlantic,4.143288945,1.781104571
1965,21,Northwest Atlantic,4.097129433,1.928079806
1966,21,Northwest Atlantic,4.063738511,1.775779254
1967,21,Northwest Atlantic,4.128852187,2.172786776
1968,21,Northwest Atlantic,4.084180172,1.980712565
1969,21,Northwest Atlantic,4.031478046,1.620057632
1970,21,Northwest Atlantic,4.000407843,1.532552484
1971,21,Northwest Atlantic,3.989115265,1.638984366
1972,21,Northwest Atlantic,3.971152872,1.810067584
1973,21,Northwest Atlantic,3.751117361,1.210162885
1974,21,Northwest Atlantic,3.733558797,1.099390721
1975,21,Northwest Atlantic,3.638708234,0.820825626
1976,21,Northwest Atlantic,3.612279747,0.726787674
1977,21,Northwest Atlantic,3.684605921,0.980915105
1978,21,Northwest Atlantic,3.842983354,1.028301922
1979,21,Northwest Atlantic,3.960000149,1.35127315
1980,21,Northwest Atlantic,3.869314155,0.732460072
1981,21,Northwest Atlantic,3.897084595,0.865024798
1982,21,Northwest Atlantic,3.900074335,0.85970093
1983,21,Northwest Atlantic,3.894007364,0.832884862
1984,21,Northwest Atlantic,3.890037656,0.918199934
1985,21,Northwest Atlantic,3.849126217,1.052641124
1986,21,Northwest Atlantic,3.861939472,1.338795535
1987,21,Northwest Atlantic,3.832842692,1.601249569
1988,21,Northwest Atlantic,3.83294543,1.533640448
1989,21,Northwest Atlantic,3.85836457,1.575407207
1990,21,Northwest Atlantic,3.756239678,1.412216414
1991,21,Northwest Atlantic,3.875978094,1.53278451
1992,21,Northwest Atlantic,3.931313613,1.370563061
1993,21,Northwest Atlantic,3.713567819,0.834082789
1994,21,Northwest Atlantic,3.444989456,0.546519141
1995,21,Northwest Atlantic,3.114022338,-0.383908438
1996,21,Northwest Atlantic,3.070164339,-0.431163571
1997,21,Northwest Atlantic,3.201714952,-0.209203902
1998,21,Northwest Atlantic,3.213981014,-0.252390717
1999,21,Northwest Atlantic,3.173335149,-0.216280201
2000,21,Northwest Atlantic,3.150789415,-0.195609702
2001,21,Northwest Atlantic,3.080277118,-0.264381932
2002,21,Northwest Atlantic,3.179637047,-0.206013941
2003,21,Northwest Atlantic,3.006000185,-0.314915709
2004,21,Northwest Atlantic,2.954689457,-0.552238251
2005,21,Northwest Atlantic,3.005169956,-0.603398563
2006,21,Northwest Atlantic,2.971348819,-0.733418436
2007,21,Northwest Atlantic,2.957150543,-0.82096389
2008,21,Northwest Atlantic,2.983904092,-0.771901794
2009,21,Northwest Atlantic,2.967842366,-0.828484532
2010,21,Northwest Atlantic,3.013007117,-0.707055534
1950,27,Northeast Atlantic,3.909399895,0
1951,27,Northeast Atlantic,3.868229993,0.472906818
1952,27,Northeast Atlantic,3.808206199,0.654085392
1953,27,Northeast Atlantic,3.678607729,0.552187447
1954,27,Northeast Atlantic,3.706555092,0.901723512
1955,27,Northeast Atlantic,4.060763012,1.790507915
1956,27,Northeast Atlantic,4.090522181,1.682886164
1957,27,Northeast Atlantic,3.698408093,0.715149263
1958,27,Northeast Atlantic,3.768481585,0.563832215
1959,27,Northeast Atlantic,3.55597581,0.582934023
1960,27,Northeast Atlantic,3.868809217,1.042887175
1961,27,Northeast Atlantic,3.733461384,0.769835359
1962,27,Northeast Atlantic,4.039811651,1.410259532
1963,27,Northeast Atlantic,4.082722585,1.454462531
1964,27,Northeast Atlantic,3.962778833,1.106293289
1965,27,Northeast Atlantic,3.839429818,1.038274602
1966,27,Northeast Atlantic,3.630782353,0.988987516
1967,27,Northeast Atlantic,3.698643683,0.991444188
1968,27,Northeast Atlantic,3.853326926,1.426189013
1969,27,Northeast Atlantic,3.815211375,1.467943337
1970,27,Northeast Atlantic,3.538445744,1.015931111
1971,27,Northeast Atlantic,3.342683068,1.083809318
1972,27,Northeast Atlantic,3.315559736,1.173834595
1973,27,Northeast Atlantic,3.65177454,1.205085841
1974,27,Northeast Atlantic,3.731818462,1.709967918
1975,27,Northeast Atlantic,3.741193429,1.676692477
1976,27,Northeast Atlantic,3.578741094,1.590145345
1977,27,Northeast Atlantic,3.487372536,1.52437572
1978,27,Northeast Atlantic,3.54833916,1.468923015
1979,27,Northeast Atlantic,3.572301034,1.618222379
1980,27,Northeast Atlantic,3.593256901,1.843182609
1981,27,Northeast Atlantic,3.515277125,1.745019565
1982,27,Northeast Atlantic,3.608000651,1.779529619
1983,27,Northeast Atlantic,3.490315555,1.925615252
1984,27,Northeast Atlantic,3.576221935,1.861699361
1985,27,Northeast Atlantic,3.671057827,1.883808702
1986,27,Northeast Atlantic,3.778682761,2.207506397
1987,27,Northeast Atlantic,3.915058737,2.384251912
1988,27,Northeast Atlantic,3.851133579,2.328998179
1989,27,Northeast Atlantic,3.919737924,2.494714991
1990,27,Northeast Atlantic,3.867537555,2.285105303
1991,27,Northeast Atlantic,3.65051055,1.682416276
1992,27,Northeast Atlantic,3.660363996,1.747787985
1993,27,Northeast Atlantic,3.754494236,2.023107291
1994,27,Northeast Atlantic,3.932442927,2.381989194
1995,27,Northeast Atlantic,3.893066541,2.434052312
1996,27,Northeast Atlantic,3.930547645,2.38071408
1997,27,Northeast Atlantic,3.888442108,2.25563606
1998,27,Northeast Atlantic,3.909984305,2.726408381
1999,27,Northeast Atlantic,3.925706772,3.03737078
2000,27,Northeast Atlantic,3.843695035,3.057752637
2001,27,Northeast Atlantic,3.7955048,2.863762071
2002,27,Northeast Atlantic,3.81734362,2.664850151
2003,27,Northeast Atlantic,3.849670307,3.196500108
2004,27,Northeast Atlantic,3.964205353,3.264408156
2005,27,Northeast Atlantic,3.985773469,3.494004286
2006,27,Northeast Atlantic,3.98875614,3.47699097
2007,27,Northeast Atlantic,3.986112092,3.303037311
2008,27,Northeast Atlantic,3.975855461,3.043098393
2009,27,Northeast Atlantic,3.93499307,2.425236603
2010,27,Northeast Atlantic,3.939628793,2.365243511
1950,31,Western Central Atlantic,4.054652628,0
1951,31,Western Central Atlantic,3.96886897,0.426479173
1952,31,Western Central Atlantic,3.924316195,0.859167392
1953,31,Western Central Atlantic,3.892077547,1.014807485
1954,31,Western Central Atlantic,3.952222188,1.397824426
1955,31,Western Central Atlantic,3.97737064,1.572212661
1956,31,Western Central Atlantic,3.973149161,1.733545153
1957,31,Western Central Atlantic,3.875453859,2.056961025
1958,31,Western Central Atlantic,3.982922691,2.719202886
1959,31,Western Central Atlantic,3.91075073,2.549030298
1960,31,Western Central Atlantic,3.91221903,2.609074546
1961,31,Western Central Atlantic,3.786369127,2.042089553
1962,31,Western Central Atlantic,4.024299813,3.421212139
1963,31,Western Central Atlantic,4.043366919,3.413163645
1964,31,Western Central Atlantic,4.037842881,3.484649923
1965,31,Western Central Atlantic,3.989427933,3.264628991
1966,31,Western Central Atlantic,3.924355731,3.015059602
1967,31,Western Central Atlantic,3.814293776,2.601112764
1968,31,Western Central Atlantic,3.881864808,2.573263387
1969,31,Western Central Atlantic,3.860762322,2.634208598
1970,31,Western Central Atlantic,3.940317435,2.736485723
1971,31,Western Central Atlantic,3.953099513,2.815675051
1972,31,Western Central Atlantic,3.922359,2.442136083
1973,31,Western Central Atlantic,3.91274681,2.575321853
1974,31,Western Central Atlantic,3.976438025,2.676154597
1975,31,Western Central Atlantic,3.92539306,2.705922631
1976,31,Western Central Atlantic,4.025744893,3.082111528
1977,31,Western Central Atlantic,4.070451937,3.276941879
1978,31,Western Central Atlantic,3.964910704,3.146268478
1979,31,Western Central Atlantic,3.953984904,3.253752387
1980,31,Western Central Atlantic,3.947349211,3.397583756
1981,31,Western Central Atlantic,3.975071871,3.717946452
1982,31,Western Central Atlantic,4.003976827,4.172965399
1983,31,Western Central Atlantic,4.005224969,4.444694078
1984,31,Western Central Atlantic,3.978675196,4.463908896
1985,31,Western Central Atlantic,4.019101434,4.411065604
1986,31,Western Central Atlantic,3.934472337,4.028263696
1987,31,Western Central Atlantic,3.86566979,3.754785844
1988,31,Western Central Atlantic,3.879268967,3.958686379
1989,31,Western Central Atlantic,3.9581821,4.216589584
1990,31,Western Central Atlantic,3.881170259,4.010712713
1991,31,Western Central Atlantic,3.826682111,4.124841692
1992,31,Western Central Atlantic,3.826829121,4.231144534
1993,31,Western Central Atlantic,3.613757202,3.869968162
1994,31,Western Central Atlantic,3.84241196,4.283203309
1995,31,Western Central Atlantic,3.845872172,4.061587945
1996,31,Western Central Atlantic,3.884884622,4.15939654
1997,31,Western Central Atlantic,3.839458377,4.152596318
1998,31,Western Central Atlantic,3.879345952,4.161160298
1999,31,Western Central Atlantic,3.933514658,4.130190051
2000,31,Western Central Atlantic,3.904578728,4.239271644
2001,31,Western Central Atlantic,3.994572576,4.441971376
2002,31,Western Central Atlantic,3.953754967,4.225247331
2003,31,Western Central Atlantic,3.948550759,4.215858112
2004,31,Western Central Atlantic,3.983340593,4.307582658
2005,31,Western Central Atlantic,3.953137851,4.134168627
2006,31,Western Central Atlantic,3.948937922,4.102877763
2007,31,Western Central Atlantic,3.912150096,3.808251184
2008,31,Western Central Atlantic,3.905956989,3.697365513
2009,31,Western Central Atlantic,3.932916943,3.826999338
2010,31,Western Central Atlantic,3.973472682,3.968934517
1950,34,Eastern Central Atlantic,3.395604473,0
1951,34,Eastern Central Atlantic,3.383250343,0.143760058
1952,34,Eastern Central Atlantic,3.364335718,0.569649488
1953,34,Eastern Central Atlantic,3.378222337,0.770069965
1954,34,Eastern Central Atlantic,3.344844544,0.977483884
1955,34,Eastern Central Atlantic,3.371445785,1.230631729
1956,34,Eastern Central Atlantic,3.35850065,1.238623822
1957,34,Eastern Central Atlantic,3.704250379,2.459555
1958,34,Eastern Central Atlantic,3.727987968,2.610637626
1959,34,Eastern Central Atlantic,3.84446466,3.313963476
1960,34,Eastern Central Atlantic,3.921433648,3.65214205
1961,34,Eastern Central Atlantic,3.926633648,3.885307332
1962,34,Eastern Central Atlantic,3.797034494,3.463061752
1963,34,Eastern Central Atlantic,3.867742612,3.808180833
1964,34,Eastern Central Atlantic,3.746467949,3.758161762
1965,34,Eastern Central Atlantic,3.789084654,4.091713734
1966,34,Eastern Central Atlantic,3.70020885,3.998840923
1967,34,Eastern Central Atlantic,3.67004138,4.012026578
1968,34,Eastern Central Atlantic,3.77711383,4.419675136
1969,34,Eastern Central Atlantic,3.71148454,4.28666047
1970,34,Eastern Central Atlantic,4.05828483,4.390967612
1971,34,Eastern Central Atlantic,4.150756026,4.50095722
1972,34,Eastern Central Atlantic,4.262926596,4.71128144
1973,34,Eastern Central Atlantic,4.255154939,4.888884216
1974,34,Eastern Central Atlantic,4.271509403,5.072687916
1975,34,Eastern Central Atlantic,4.259913557,4.97593287
1976,34,Eastern Central Atlantic,4.275981316,5.010778177
1977,34,Eastern Central Atlantic,4.044758202,5.226467242
1978,34,Eastern Central Atlantic,4.27796332,5.43255962
1979,34,Eastern Central Atlantic,4.231723877,5.341546894
1980,34,Eastern Central Atlantic,4.032864069,5.304221028
1981,34,Eastern Central Atlantic,4.140861696,5.370207179
1982,34,Eastern Central Atlantic,4.036683218,5.44326743
1983,34,Eastern Central Atlantic,3.969995037,5.162801553
1984,34,Eastern Central Atlantic,4.144610163,5.006786002
1985,34,Eastern Central Atlantic,4.15466028,5.089712764
1986,34,Eastern Central Atlantic,4.138102604,5.015483337
1987,34,Eastern Central Atlantic,4.06701694,4.963748672
1988,34,Eastern Central Atlantic,4.226919164,5.275490038
1989,34,Eastern Central Atlantic,4.188200317,5.309319243
1990,34,Eastern Central Atlantic,4.243555075,5.4316754
1991,34,Eastern Central Atlantic,4.26185757,5.506994401
1992,34,Eastern Central Atlantic,4.282947393,5.435775133
1993,34,Eastern Central Atlantic,4.297538757,5.606527634
1994,34,Eastern Central Atlantic,4.236466285,5.571883188
1995,34,Eastern Central Atlantic,4.285768816,5.643520528
1996,34,Eastern Central Atlantic,4.211559826,5.552592995
1997,34,Eastern Central Atlantic,4.141469749,5.428913616
1998,34,Eastern Central Atlantic,4.206221618,5.550764184
1999,34,Eastern Central Atlantic,4.152492072,5.536112879
2000,34,Eastern Central Atlantic,4.144881472,5.40274227
2001,34,Eastern Central Atlantic,4.139188158,5.517922352
2002,34,Eastern Central Atlantic,3.980166343,4.928201902
2003,34,Eastern Central Atlantic,4.192102445,5.37713067
2004,34,Eastern Central Atlantic,4.176746101,5.372756232
2005,34,Eastern Central Atlantic,4.165222953,5.390138493
2006,34,Eastern Central Atlantic,4.163941668,5.284425666
2007,34,Eastern Central Atlantic,4.192452315,5.381410688
2008,34,Eastern Central Atlantic,4.199712065,5.481391663
2009,34,Eastern Central Atlantic,4.204243208,5.575375328
2010,34,Eastern Central Atlantic,4.229938385,5.692861262
1950,41,Southwest Atlantic,3.693483552,0
1951,41,Southwest Atlantic,4.109657632,0.895394053
1952,41,Southwest Atlantic,4.030704573,1.099233725
1953,41,Southwest Atlantic,3.849369165,0.919483047
1954,41,Southwest Atlantic,3.860090014,1.484400803
1955,41,Southwest Atlantic,3.874766935,1.790335621
1956,41,Southwest Atlantic,3.909683363,2.076957091
1957,41,Southwest Atlantic,4.075285846,2.229965695
1958,41,Southwest Atlantic,4.076668109,2.326803725
1959,41,Southwest Atlantic,4.012899101,2.636686304
1960,41,Southwest Atlantic,4.059189908,3.151023435
1961,41,Southwest Atlantic,4.093949723,3.201769804
1962,41,Southwest Atlantic,4.169682166,3.46927736
1963,41,Southwest Atlantic,4.139757237,3.450026448
1964,41,Southwest Atlantic,4.098907392,3.675497343
1965,41,Southwest Atlantic,4.1035335,3.532447247
1966,41,Southwest Atlantic,3.905890867,2.980667878
1967,41,Southwest Atlantic,3.835986438,3.865687041
1968,41,Southwest Atlantic,3.852855251,3.456925629
1969,41,Southwest Atlantic,4.096285494,3.531245096
1970,41,Southwest Atlantic,3.997146897,3.912821017
1971,41,Southwest Atlantic,3.977211567,3.751151813
1972,41,Southwest Atlantic,3.964219795,3.645427036
1973,41,Southwest Atlantic,3.824085876,3.421761321
1974,41,Southwest Atlantic,3.860351628,3.505982382
1975,41,Southwest Atlantic,3.7539583,3.377291039
1976,41,Southwest Atlantic,3.865430158,3.517561242
1977,41,Southwest Atlantic,3.979582967,4.380535101
1978,41,Southwest Atlantic,3.941130103,4.406816918
1979,41,Southwest Atlantic,3.904853517,4.453065336
1980,41,Southwest Atlantic,3.806115703,4.330638147
1981,41,Southwest Atlantic,3.877942354,4.607279103
1982,41,Southwest Atlantic,3.911784744,4.903094477
1983,41,Southwest Atlantic,3.824047896,4.92667672
1984,41,Southwest Atlantic,3.810051133,5.016915924
1985,41,Southwest Atlantic,3.883514897,5.515935087
1986,41,Southwest Atlantic,3.797128032,5.404885963
1987,41,Southwest Atlantic,3.764427782,5.43616263
1988,41,Southwest Atlantic,3.771745489,5.367633237
1989,41,Southwest Atlantic,3.794526201,5.497343248
1990,41,Southwest Atlantic,3.838268646,5.625159699
1991,41,Southwest Atlantic,3.850034605,5.789695483
1992,41,Southwest Atlantic,3.811196884,5.664229989
1993,41,Southwest Atlantic,3.790011861,5.396345847
1994,41,Southwest Atlantic,3.771036147,5.268921079
1995,41,Southwest Atlantic,3.834065631,5.113217001
1996,41,Southwest Atlantic,3.889038096,5.377479502
1997,41,Southwest Atlantic,3.840155588,5.634308859
1998,41,Southwest Atlantic,3.831277249,5.358493247
1999,41,Southwest Atlantic,3.807072706,5.966432237
2000,41,Southwest Atlantic,3.807314711,5.784238828
2001,41,Southwest Atlantic,3.783716872,5.728586489
2002,41,Southwest Atlantic,3.793614328,5.493171893
2003,41,Southwest Atlantic,3.798761976,5.460633436
2004,41,Southwest Atlantic,3.85021164,5.126528757
2005,41,Southwest Atlantic,3.830020236,5.156611143
2006,41,Southwest Atlantic,3.817730774,5.659240438
2007,41,Southwest Atlantic,3.817161667,5.856070598
2008,41,Southwest Atlantic,3.818547213,5.777579993
2009,41,Southwest Atlantic,3.836336236,5.22461125
2010,41,Southwest Atlantic,3.819216883,5.05348024
1950,47,Southeast Atlantic,3.644527432,0
1951,47,Southeast Atlantic,3.470471503,1.17005279
1952,47,Southeast Atlantic,3.481585807,1.679837115
1953,47,Southeast Atlantic,3.464217351,2.274694859
1954,47,Southeast Atlantic,3.453576117,2.704392435
1955,47,Southeast Atlantic,3.470814591,2.624044199
1956,47,Southeast Atlantic,3.470803344,2.13773042
1957,47,Southeast Atlantic,3.470437137,2.12533097
1958,47,Southeast Atlantic,3.528289064,2.171589654
1959,47,Southeast Atlantic,3.519625596,1.968839137
1960,47,Southeast Atlantic,3.528012776,2.215900126
1961,47,Southeast Atlantic,3.582960435,2.174697599
1962,47,Southeast Atlantic,3.631269792,2.682650534
1963,47,Southeast Atlantic,3.700604413,2.59144799
1964,47,Southeast Atlantic,3.706513084,3.069327046
1965,47,Southeast Atlantic,3.806375453,3.732855998
1966,47,Southeast Atlantic,3.837356409,3.850226312
1967,47,Southeast Atlantic,3.794791803,3.715740073
1968,47,Southeast Atlantic,3.897543079,4.050378067
1969,47,Southeast Atlantic,3.816368703,3.852027587
1970,47,Southeast Atlantic,3.858601174,4.031066341
1971,47,Southeast Atlantic,3.813479354,4.183051773
1972,47,Southeast Atlantic,3.919040391,4.478209448
1973,47,Southeast Atlantic,3.810616501,4.363635541
1974,47,Southeast Atlantic,3.798671743,4.165639585
1975,47,Southeast Atlantic,3.773170448,2.316265985
1976,47,Southeast Atlantic,3.754576732,2.329333182
1977,47,Southeast Atlantic,3.586195797,2.921599075
1978,47,Southeast Atlantic,3.769655165,2.730978765
1979,47,Southeast Atlantic,3.848704844,2.885055389
1980,47,Southeast Atlantic,3.883393329,2.771273263
1981,47,Southeast Atlantic,3.849105451,2.799401761
1982,47,Southeast Atlantic,3.983037737,3.113448847
1983,47,Southeast Atlantic,3.845809073,2.569428724
1984,47,Southeast Atlantic,3.90166494,2.915398343
1985,47,Southeast Atlantic,4.001189046,3.193163975
1986,47,Southeast Atlantic,4.014699909,3.03475163
1987,47,Southeast Atlantic,3.984081648,2.804999569
1988,47,Southeast Atlantic,3.75978636,3.678780665
1989,47,Southeast Atlantic,3.73510242,3.665802076
1990,47,Southeast Atlantic,3.715382666,3.449742198
1991,47,Southeast Atlantic,3.644025693,3.405765213
1992,47,Southeast Atlantic,3.675883505,3.535260562
1993,47,Southeast Atlantic,3.697909936,3.744415276
1994,47,Southeast Atlantic,3.827946904,3.811113428
1995,47,Southeast Atlantic,3.834424055,3.651321478
1996,47,Southeast Atlantic,3.761390293,3.371388409
1997,47,Southeast Atlantic,3.752924995,3.220297492
1998,47,Southeast Atlantic,3.699159505,3.260726617
1999,47,Southeast Atlantic,3.775627093,3.315974265
2000,47,Southeast Atlantic,3.797755036,3.431834318
2001,47,Southeast Atlantic,3.787034041,3.298250222
2002,47,Southeast Atlantic,3.786335882,3.2518985
2003,47,Southeast Atlantic,3.758722479,3.244936747
2004,47,Southeast Atlantic,3.783486948,3.142899943
2005,47,Southeast Atlantic,3.73903441,2.967727952
2006,47,Southeast Atlantic,3.730606105,3.006018787
2007,47,Southeast Atlantic,3.808556746,3.101606753
2008,47,Southeast Atlantic,3.802691985,2.934551049
2009,47,Southeast Atlantic,3.815023124,2.986244153
2010,47,Southeast Atlantic,3.823579888,3.014135728
1966,48,Atlantic (Antarctic),3.609999895,0
1967,48,Atlantic (Antarctic),3.609999895,2.461917132
1968,48,Atlantic (Antarctic),3.609999895,1.591088774
1969,48,Atlantic (Antarctic),3.609999895,4.394449155
1970,48,Atlantic (Antarctic),3.609999895,5.907784912
1971,48,Atlantic (Antarctic),3.245812072,1.568593706
1972,48,Atlantic (Antarctic),3.224579971,-1.44588261
1973,48,Atlantic (Antarctic),3.152875582,-0.133392763
1974,48,Atlantic (Antarctic),2.212065426,-0.000900015
1975,48,Atlantic (Antarctic),2.244130961,0.869280952
1976,48,Atlantic (Antarctic),2.970447865,0.470476391
1977,48,Atlantic (Antarctic),2.424063504,1.962393001
1978,48,Atlantic (Antarctic),2.849789429,4.261992342
1979,48,Atlantic (Antarctic),2.532196251,3.553645725
1980,48,Atlantic (Antarctic),2.439838277,3.566382134
1981,48,Atlantic (Antarctic),2.414454173,3.275376105
1982,48,Atlantic (Antarctic),2.40204318,3.589408924
1983,48,Atlantic (Antarctic),2.770029617,4.118793616
1984,48,Atlantic (Antarctic),2.492838034,2.610019486
1985,48,Atlantic (Antarctic),2.30613441,2.82563887
1986,48,Atlantic (Antarctic),2.281454077,3.138114751
1987,48,Atlantic (Antarctic),2.404105901,3.430807842
1988,48,Atlantic (Antarctic),2.379584081,3.500921906
1989,48,Atlantic (Antarctic),2.312424544,3.12850032
1990,48,Atlantic (Antarctic),2.396500921,3.482375068
1991,48,Atlantic (Antarctic),2.291765203,2.975057579
1992,48,Atlantic (Antarctic),2.240065421,2.515104054
1993,48,Atlantic (Antarctic),2.247512828,1.270494304
1994,48,Atlantic (Antarctic),2.21116976,1.546140577
1995,48,Atlantic (Antarctic),2.244332065,2.132212815
1996,48,Atlantic (Antarctic),2.269798632,1.70768061
1997,48,Atlantic (Antarctic),2.266873636,1.577492939
1998,48,Atlantic (Antarctic),2.252025097,1.683365548
1999,48,Atlantic (Antarctic),2.247728539,1.836030546
2000,48,Atlantic (Antarctic),2.254834407,1.972151208
2001,48,Atlantic (Antarctic),2.249154185,1.750606027
2002,48,Atlantic (Antarctic),2.252247279,1.988014239
2003,48,Atlantic (Antarctic),2.287612097,2.025767412
2004,48,Atlantic (Antarctic),2.259674289,1.972084944
2005,48,Atlantic (Antarctic),2.218703072,1.998004185
2006,48,Atlantic (Antarctic),2.250337465,1.913627903
2007,48,Atlantic (Antarctic),2.269788834,1.949902452
2008,48,Atlantic (Antarctic),2.239356671,2.256048989
2009,48,Atlantic (Antarctic),2.245859202,2.055330217
2010,48,Atlantic (Antarctic),2.216972231,2.488610863
1950,51,Western Indian Ocean,3.412358606,0
1951,51,Western Indian Ocean,3.445701653,0.500652001
1952,51,Western Indian Ocean,3.493733692,1.055298551
1953,51,Western Indian Ocean,3.524247048,1.432577002
1954,51,Western Indian Ocean,3.701758633,2.238063257
1955,51,Western Indian Ocean,4.016232192,3.539953504
1956,51,Western Indian Ocean,4.043646963,3.824301252
1957,51,Western Indian Ocean,3.907810264,3.097831721
1958,51,Western Indian Ocean,3.900270977,3.138743675
1959,51,Western Indian Ocean,3.843272399,3.145659235
1960,51,Western Indian Ocean,3.986222746,3.626013098
1961,51,Western Indian Ocean,4.03792236,3.80968288
1962,51,Western Indian Ocean,4.082742424,3.992145882
1963,51,Western Indian Ocean,3.989725615,3.502391593
1964,51,Western Indian Ocean,4.096622761,3.453751528
1965,51,Western Indian Ocean,4.125506209,3.526512303
1966,51,Western Indian Ocean,4.113312584,3.887977229
1967,51,Western Indian Ocean,4.10632322,3.944461091
1968,51,Western Indian Ocean,4.109893714,4.137178643
1969,51,Western Indian Ocean,4.056188764,4.066026245
1970,51,Western Indian Ocean,3.850858456,3.807646673
1971,51,Western Indian Ocean,3.915034727,4.318179482
1972,51,Western Indian Ocean,3.903200572,4.506382442
1973,51,Western Indian Ocean,3.791438546,4.34244015
1974,51,Western Indian Ocean,3.771148535,4.66639719
1975,51,Western Indian Ocean,3.778911454,4.74225235
1976,51,Western Indian Ocean,3.686689512,4.373248738
1977,51,Western Indian Ocean,3.786756215,4.987593794
1978,51,Western Indian Ocean,3.885478189,5.223711387
1979,51,Western Indian Ocean,3.833329112,5.006536355
1980,51,Western Indian Ocean,3.857263196,4.990246797
1981,51,Western Indian Ocean,3.855806905,5.049971454
1982,51,Western Indian Ocean,3.876928735,5.294455468
1983,51,Western Indian Ocean,3.723694326,5.155042791
1984,51,Western Indian Ocean,3.71751407,5.200780125
1985,51,Western Indian Ocean,3.777437611,5.448672856
1986,51,Western Indian Ocean,3.844060305,5.465581812
1987,51,Western Indian Ocean,3.86652326,5.511898745
1988,51,Western Indian Ocean,3.90491559,5.70998232
1989,51,Western Indian Ocean,3.893720405,5.629842105
1990,51,Western Indian Ocean,3.961162174,5.721616258
1991,51,Western Indian Ocean,3.983794027,5.713482249
1992,51,Western Indian Ocean,4.05918415,6.082046087
1993,51,Western Indian Ocean,4.115828956,6.362308316
1994,51,Western Indian Ocean,4.091136189,6.187656421
1995,51,Western Indian Ocean,4.127027955,6.229966921
1996,51,Western Indian Ocean,4.104913686,6.239475478
1997,51,Western Indian Ocean,4.129920476,6.310876965
1998,51,Western Indian Ocean,4.110585397,6.224986337
1999,51,Western Indian Ocean,4.104429275,6.329498904
2000,51,Western Indian Ocean,4.124920046,6.34672364
2001,51,Western Indian Ocean,4.111875407,6.276127791
2002,51,Western Indian Ocean,4.13077764,6.388038869
2003,51,Western Indian Ocean,4.157049902,6.586613387
2004,51,Western Indian Ocean,4.169148834,6.616556759
2005,51,Western Indian Ocean,4.174903364,6.672126507
2006,51,Western Indian Ocean,4.180069092,6.686381123
2007,51,Western Indian Ocean,4.161445811,6.428328685
2008,51,Western Indian Ocean,4.140656968,6.307486213
2009,51,Western Indian Ocean,4.120297062,6.238505802
2010,51,Western Indian Ocean,4.099740426,6.216700156
