IYear;LME;EcolFP
1950;1;0.035359306
1950;2;0.042169908
1950;3;0.039129431
1950;4;0.001373601
1950;5;0.019347128
1950;6;0.022636749
1950;7;0.358938609
1950;8;0.281878575
1950;9;0.437859981
1950;10;0.107574992
1950;11;0.002505854
1950;12;0.014221742
1950;13;0.024913619
1950;14;0.003917141
1950;15;0.005217159
1950;16;0.011663739
1950;17;0.005401666
1950;18;0.258460544
1950;19;0.962631687
1950;20;0.322305855
1950;21;0.341832501
1950;22;0.386553332
1950;23;0.130877512
1950;24;0.158194431
1950;25;0.503836502
1950;26;0.04298548
1950;27;0.012432048
1950;28;0.005883472
1950;29;0.016358965
1950;30;0.010604686
1950;31;0.001472123
1950;32;0.018875562
1950;33;0.005843823
1950;34;0.019061223
1950;35;0.028753378
1950;36;0.053418653
1950;37;0.032180792
1950;38;0.004884256
1950;39;0.001334082
1950;40;0.00399952
1950;41;0.003412802
1950;42;0.00114733
1950;43;0.00174027
1950;44;0.001293689
1950;45;0.001002881
1950;46;0.006370124
1950;47;0.285297267
1950;48;0.149343089
1950;49;0.273801393
1950;50;0.255867818
1950;51;0.091379378
1950;52;0.044723902
1950;53;0.014193316
1950;54;0.000406746
1950;55;0.000179593
1950;56;0.000218834
1950;57;0.000388895
1950;58;0.001026062
1950;59;0.074022831
1950;60;0.531586269
1950;61;1.61842E-06
1950;62;0.032684568
1950;63;0.002484649
1950;64;0.001064709
1950;65;0.002975721
1950;66;0.307204613
1951;1;0.049979761
1951;2;0.049804855
1951;3;0.031745644
1951;4;0.001365985
1951;5;0.021264427
1951;6;0.026491553
1951;7;0.359984826
1951;8;0.244006485
1951;9;0.413417394
1951;10;0.078977984
1951;11;0.003601212
1951;12;0.014056241
1951;13;0.030779481
1951;14;0.007147377
1951;15;0.005680381
1951;16;0.010303473
1951;17;0.006384032
1951;18;0.279382738
1951;19;1.156135506
1951;20;0.380277802
1951;21;0.417273498
1951;22;0.431896266
1951;23;0.128930244
1951;24;0.178844411
1951;25;0.526045635
1951;26;0.044068647
1951;27;0.011961129
1951;28;0.005994361
1951;29;0.019515545
1951;30;0.012956995
1951;31;0.001474795
1951;32;0.017178286
1951;33;0.005823671
1951;34;0.018808387
1951;35;0.034684801
1951;36;0.075067068
1951;37;0.046818101
1951;38;0.021877997
1951;39;0.00503407
1951;40;0.01375292
1951;41;0.0046259
1951;42;0.00116607
1951;43;0.002054379
1951;44;0.00120374
1951;45;0.001668866
1951;46;0.005600679
1951;47;0.363086891
1951;48;0.187575124
1951;49;0.305207322
1951;50;0.294513419
1951;51;0.114500913
1951;52;0.086799444
1951;53;0.025886604
1951;54;0.000407395
1951;55;0.00018348
1951;56;0.000218834
1951;57;0.000388895
1951;58;0.001035046
1951;59;0.094308411
1951;60;0.692106618
1951;61;2.51282E-06
1951;62;0.038226471
1951;63;0.002340063
1951;64;0.001498839
1951;65;0.002718316
1951;66;0.269853477
1952;1;0.051276231
1952;2;0.043045515
1952;3;0.025148215
1952;4;0.001000531
1952;5;0.021086242
1952;6;0.024467274
1952;7;0.335374985
1952;8;0.290933534
1952;9;0.508153323
1952;10;0.066735076
1952;11;0.003743318
1952;12;0.011958657
1952;13;0.034022282
1952;14;0.008743933
1952;15;0.006347722
1952;16;0.010758224
1952;17;0.006611951
1952;18;0.49121905
1952;19;1.327945942
1952;20;0.370171038
1952;21;0.416656772
1952;22;0.456638501
1952;23;0.139899692
1952;24;0.193182417
1952;25;0.507962392
1952;26;0.047264362
1952;27;0.014212856
1952;28;0.006499306
1952;29;0.019530354
1952;30;0.01216266
1952;31;0.001624857
1952;32;0.019804018
1952;33;0.007742495
1952;34;0.021900698
1952;35;0.031223656
1952;36;0.088426376
1952;37;0.047675108
1952;38;0.023700795
1952;39;0.00450807
1952;40;0.010977599
1952;41;0.004888757
1952;42;0.001805806
1952;43;0.003201946
1952;44;0.002306868
1952;45;0.002792782
1952;46;0.005755627
1952;47;0.421801252
1952;48;0.222753779
1952;49;0.351512371
1952;50;0.348968294
1952;51;0.131113796
1952;52;0.089176981
1952;53;0.029920276
1952;54;0.00040772
1952;55;0.000189688
1952;56;0.000218834
1952;57;0.000388895
1952;58;0.001034312
1952;59;0.091502935
1952;60;0.585352672
1952;61;3.47714E-06
1952;62;0.036872724
1952;63;0.002663377
1952;64;0.002011106
1952;65;0.003130449
1952;66;0.324098409
1953;1;0.057476404
1953;2;0.045607527
1953;3;0.018300982
1953;4;0.001391819
1953;5;0.020197388
1953;6;0.025477408
1953;7;0.274369479
1953;8;0.281023552
1953;9;0.508852755
1953;10;0.047858195
1953;11;0.003622331
1953;12;0.011900597
1953;13;0.02929007
1953;14;0.00935858
1953;15;0.005282277
1953;16;0.009300429
1953;17;0.005513222
1953;18;0.423682312
1953;19;1.938039911
1953;20;0.270351329
1953;21;0.31972998
1953;22;0.46934286
1953;23;0.126593107
1953;24;0.215819643
1953;25;0.515077185
1953;26;0.046502619
1953;27;0.017405693
1953;28;0.006921924
1953;29;0.023604541
1953;30;0.010792924
1953;31;0.002183688
1953;32;0.022874925
1953;33;0.007237721
1953;34;0.022952497
1953;35;0.035185929
1953;36;0.090763512
1953;37;0.039582167
1953;38;0.024959511
1953;39;0.006557136
1953;40;0.016176675
1953;41;0.005322528
1953;42;0.002127787
1953;43;0.003961982
1953;44;0.003312981
1953;45;0.004579707
1953;46;0.005815847
1953;47;0.368554787
1953;48;0.223857539
1953;49;0.258999863
1953;50;0.276317311
1953;51;0.123728517
1953;52;0.119768699
1953;53;0.041804992
1953;54;0.000407549
1953;55;0.00019507
1953;56;0.000218834
1953;57;0.000388895
1953;58;0.000955467
1953;59;0.103599831
1953;60;1.045887365
1953;61;4.30943E-06
1953;62;0.036951018
1953;63;0.002672256
1953;64;0.002399076
1953;65;0.003101539
1953;66;0.313159959
1954;1;0.062293202
1954;2;0.041661336
1954;3;0.018648072
1954;4;0.00494494
1954;5;0.022292085
1954;6;0.024240146
1954;7;0.266886946
1954;8;0.366922991
1954;9;0.68997088
1954;10;0.037005406
1954;11;0.004777945
1954;12;0.012134014
1954;13;0.033819663
1954;14;0.00998976
1954;15;0.006102357
1954;16;0.010082232
1954;17;0.006618022
1954;18;0.462694408
1954;19;1.746141493
1954;20;0.300662803
1954;21;0.35607911
1954;22;0.535529454
1954;23;0.150446582
1954;24;0.24292529
1954;25;0.535423205
1954;26;0.049516307
1954;27;0.014574112
1954;28;0.007863824
1954;29;0.024720851
1954;30;0.009830615
1954;31;0.002510561
1954;32;0.023422534
1954;33;0.008509098
1954;34;0.027489879
1954;35;0.040293669
1954;36;0.108265965
1954;37;0.039699115
1954;38;0.027655093
1954;39;0.007953603
1954;40;0.020249009
1954;41;0.004949458
1954;42;0.002871061
1954;43;0.005728952
1954;44;0.005854472
1954;45;0.007992292
1954;46;0.005644948
1954;47;0.373134283
1954;48;0.26658654
1954;49;0.203900043
1954;50;0.25150603
1954;51;0.125686253
1954;52;0.124942755
1954;53;0.050845829
1954;54;0.000408257
1954;55;0.00020238
1954;56;0.000218834
1954;57;0.000388895
1954;58;0.000950388
1954;59;0.148122158
1954;60;0.754150009
1954;61;5.29068E-06
1954;62;0.038890765
1954;63;0.003188148
1954;64;0.002113817
1954;65;0.003787075
1954;66;0.401166416
1955;1;0.069748438
1955;2;0.045255133
1955;3;0.018199908
1955;4;0.0051628
1955;5;0.024650251
1955;6;0.024918423
1955;7;0.259798548
1955;8;0.34989044
1955;9;0.677499606
1955;10;0.034206702
1955;11;0.005734073
1955;12;0.014408413
1955;13;0.046763189
1955;14;0.009924746
1955;15;0.006666773
1955;16;0.009869975
1955;17;0.00838952
1955;18;0.467663657
1955;19;1.441615892
1955;20;0.637437703
1955;21;0.360478006
1955;22;0.502548467
1955;23;0.248027111
1955;24;0.168324317
1955;25;0.667251117
1955;26;0.055737139
1955;27;0.016555157
1955;28;0.008335831
1955;29;0.026059754
1955;30;0.012349705
1955;31;0.004869514
1955;32;0.030446683
1955;33;0.013717517
1955;34;0.028501531
1955;35;0.040995869
1955;36;0.143215679
1955;37;0.039762847
1955;38;0.028754453
1955;39;0.008439352
1955;40;0.022949714
1955;41;0.004491495
1955;42;0.002544014
1955;43;0.005005444
1955;44;0.00476518
1955;45;0.005745988
1955;46;0.005819404
1955;47;0.478472043
1955;48;0.385524553
1955;49;0.20603089
1955;50;0.266045601
1955;51;0.157726174
1955;52;0.163258547
1955;53;0.070917492
1955;54;0.000407955
1955;55;0.000208768
1955;56;0.000218834
1955;57;0.000388895
1955;58;0.001191763
1955;59;0.073925302
1955;60;0.447690854
1955;61;5.44884E-06
1955;62;0.046393279
1955;63;0.003114172
1955;64;0.000771476
1955;65;0.003600869
1955;66;0.376008878
1956;1;0.07431863
1956;2;0.040522928
1956;3;0.019957005
1956;4;0.006145015
1956;5;0.026498787
1956;6;0.026766476
1956;7;0.256923243
1956;8;0.375500377
1956;9;0.724425124
1956;10;0.040226511
1956;11;0.006760351
1956;12;0.013908677
1956;13;0.047950559
1956;14;0.008983705
1956;15;0.007511
1956;16;0.011143341
1956;17;0.008481737
1956;18;0.516133878
1956;19;1.461559231
1956;20;0.720836228
1956;21;0.422819796
1956;22;0.511672995
1956;23;0.301688725
1956;24;0.170109563
1956;25;0.517738579
1956;26;0.058674127
1956;27;0.015329802
1956;28;0.00879331
1956;29;0.026031436
1956;30;0.013363219
1956;31;0.005817909
1956;32;0.036519416
1956;33;0.014183277
1956;34;0.036194047
1956;35;0.043283822
1956;36;0.157668532
1956;37;0.038948251
1956;38;0.029538386
1956;39;0.009458618
1956;40;0.025741228
1956;41;0.005268703
1956;42;0.003039751
1956;43;0.005883251
1956;44;0.006337811
1956;45;0.007895178
1956;46;0.005897677
1956;47;0.528915473
1956;48;0.446120099
1956;49;0.189757246
1956;50;0.239870485
1956;51;0.131258665
1956;52;0.151320794
1956;53;0.060387375
1956;54;0.000405821
1956;55;0.000214311
1956;56;0.000218834
1956;57;0.000388895
1956;58;0.00118215
1956;59;0.106032702
1956;60;0.548963149
1956;61;5.44884E-06
1956;62;0.051670733
1956;63;0.003318139
1956;64;0.000808824
1956;65;0.003858261
1956;66;0.404290196
1957;1;0.075370362
1957;2;0.0434747
1957;3;0.018323858
1957;4;0.006164925
1957;5;0.026057498
1957;6;0.027179565
1957;7;0.273458436
1957;8;0.366666304
1957;9;0.712817235
1957;10;0.043836891
1957;11;0.005273067
1957;12;0.015254465
1957;13;0.04105359
1957;14;0.009719821
1957;15;0.008662672
1957;16;0.012469894
1957;17;0.009701476
1957;18;0.522254798
1957;19;1.365073344
1957;20;0.431398288
1957;21;0.351818978
1957;22;0.543291698
1957;23;0.344588493
1957;24;0.18785039
1957;25;0.529529512
1957;26;0.057589562
1957;27;0.022514589
1957;28;0.01146611
1957;29;0.02528317
1957;30;0.01113666
1957;31;0.003903575
1957;32;0.032798173
1957;33;0.011598714
1957;34;0.034477555
1957;35;0.048262068
1957;36;0.159126979
1957;37;0.039544503
1957;38;0.0294992
1957;39;0.010745698
1957;40;0.029866731
1957;41;0.00499013
1957;42;0.003292841
1957;43;0.006585085
1957;44;0.006668314
1957;45;0.007911139
1957;46;0.005988555
1957;47;0.53283774
1957;48;0.435172238
1957;49;0.220923051
1957;50;0.28368864
1957;51;0.165849572
1957;52;0.188258824
1957;53;0.071915355
1957;54;0.000410622
1957;55;0.00022274
1957;56;0.000218834
1957;57;0.000388895
1957;58;0.000960555
1957;59;0.092466248
1957;60;0.615137875
1957;61;9.67115E-06
1957;62;0.046751501
1957;63;0.003369608
1957;64;0.000844617
1957;65;0.003889424
1957;66;0.403063903
1958;1;0.078251344
1958;2;0.046021928
1958;3;0.017887889
1958;4;0.006613292
1958;5;0.032225736
1958;6;0.033765014
1958;7;0.262610954
1958;8;0.328690602
1958;9;0.645743449
1958;10;0.044861476
1958;11;0.006424281
1958;12;0.018222975
1958;13;0.047491722
1958;14;0.010080924
1958;15;0.007854738
1958;16;0.011989692
1958;17;0.008977726
1958;18;0.537747521
1958;19;1.751108351
1958;20;0.37495721
1958;21;0.387899159
1958;22;0.527702326
1958;23;0.273204651
1958;24;0.190200525
1958;25;0.537144748
1958;26;0.068667645
1958;27;0.02550539
1958;28;0.012122163
1958;29;0.025782218
1958;30;0.011777103
1958;31;0.003772089
1958;32;0.028555087
1958;33;0.012091931
1958;34;0.03336924
1958;35;0.049375582
1958;36;0.166561845
1958;37;0.061428488
1958;38;0.031317157
1958;39;0.011217336
1958;40;0.032592035
1958;41;0.004901754
1958;42;0.00298545
1958;43;0.005250686
1958;44;0.005022251
1958;45;0.005948752
1958;46;0.006374331
1958;47;0.530513937
1958;48;0.426516624
1958;49;0.231884342
1958;50;0.272326663
1958;51;0.172443316
1958;52;0.169416022
1958;53;0.078138005
1958;54;0.000405139
1958;55;0.000227819
1958;56;0.000218834
1958;57;0.000388895
1958;58;0.00087931
1958;59;0.100352411
1958;60;0.934895161
1958;61;9.67115E-06
1958;62;0.029909368
1958;63;0.00327475
1958;64;0.000628275
1958;65;0.003705638
1958;66;0.37127888
1959;1;0.077436878
1959;2;0.042822302
1959;3;0.018168602
1959;4;0.008896341
1959;5;0.034354443
1959;6;0.033553231
1959;7;0.267532157
1959;8;0.360504948
1959;9;0.699911284
1959;10;0.045946082
1959;11;0.008034873
1959;12;0.020544815
1959;13;0.06337258
1959;14;0.013153914
1959;15;0.01055966
1959;16;0.016511511
1959;17;0.011798463
1959;18;0.521091415
1959;19;1.39094838
1959;20;0.401780989
1959;21;0.409143553
1959;22;0.544486542
1959;23;0.263539067
1959;24;0.178025145
1959;25;0.565231711
1959;26;0.060340946
1959;27;0.026355675
1959;28;0.015102573
1959;29;0.026640397
1959;30;0.011325878
1959;31;0.003687934
1959;32;0.025119403
1959;33;0.015485983
1959;34;0.031613716
1959;35;0.049524381
1959;36;0.153650973
1959;37;0.063990161
1959;38;0.030160214
1959;39;0.010784583
1959;40;0.031320494
1959;41;0.006002405
1959;42;0.004074584
1959;43;0.006553499
1959;44;0.00575882
1959;45;0.005924873
1959;46;0.006950755
1959;47;0.4638729
1959;48;0.328487244
1959;49;0.259472945
1959;50;0.322954515
1959;51;0.191706216
1959;52;0.19913919
1959;53;0.080120844
1959;54;0.000397386
1959;55;0.000233318
1959;56;0.000218834
1959;57;0.000388895
1959;58;0.000863746
1959;59;0.11409895
1959;60;0.531641054
1959;61;9.67115E-06
1959;62;0.021721322
1959;63;0.003531965
1959;64;0.000864189
1959;65;0.004022616
1959;66;0.407236261
1960;1;0.080886966
1960;2;0.042370576
1960;3;0.018060448
1960;4;0.006101566
1960;5;0.036084607
1960;6;0.036031894
1960;7;0.221796531
1960;8;0.401654736
1960;9;0.923595194
1960;10;0.045627296
1960;11;0.008937704
1960;12;0.022604986
1960;13;0.072980466
1960;14;0.014496896
1960;15;0.012839641
1960;16;0.025453268
1960;17;0.012334399
1960;18;0.595778998
1960;19;1.638785428
1960;20;0.446572594
1960;21;0.390779643
1960;22;0.48619132
1960;23;0.321919192
1960;24;0.187984362
1960;25;0.624032441
1960;26;0.063554966
1960;27;0.030102688
1960;28;0.018696703
1960;29;0.02574802
1960;30;0.013444146
1960;31;0.004841323
1960;32;0.034061311
1960;33;0.01140135
1960;34;0.038385014
1960;35;0.050720994
1960;36;0.157495909
1960;37;0.074263889
1960;38;0.0286048
1960;39;0.009587409
1960;40;0.025834924
1960;41;0.00545145
1960;42;0.004243003
1960;43;0.006877057
1960;44;0.00695305
1960;45;0.00698166
1960;46;0.007091916
1960;47;0.476645632
1960;48;0.329178434
1960;49;0.250852308
1960;50;0.318071699
1960;51;0.168259542
1960;52;0.189119823
1960;53;0.069685682
1960;54;0.000404426
1960;55;0.000240506
1960;56;0.000218834
1960;57;0.000388895
1960;58;0.000936063
1960;59;0.113757526
1960;60;0.963854191
1960;61;1.19867E-05
1960;62;0.027887534
1960;63;0.003726366
1960;64;0.000759725
1960;65;0.004284271
1960;66;0.430650537
1961;1;0.091134735
1961;2;0.054051844
1961;3;0.021280068
1961;4;0.007010149
1961;5;0.033558745
1961;6;0.033415023
1961;7;0.246043635
1961;8;0.429952166
1961;9;1.040036178
1961;10;0.053170672
1961;11;0.009709926
1961;12;0.021361751
1961;13;0.085219911
1961;14;0.013505501
1961;15;0.01614786
1961;16;0.025080024
1961;17;0.014076023
1961;18;0.674173811
1961;19;1.157528538
1961;20;0.458206033
1961;21;0.331407464
1961;22;0.509668099
1961;23;0.280335033
1961;24;0.148747975
1961;25;0.724816205
1961;26;0.071565986
1961;27;0.032624397
1961;28;0.020908119
1961;29;0.029203859
1961;30;0.016087157
1961;31;0.005060475
1961;32;0.032437137
1961;33;0.01323536
1961;34;0.038175208
1961;35;0.070226619
1961;36;0.167948651
1961;37;0.08336364
1961;38;0.036468964
1961;39;0.011243184
1961;40;0.03215241
1961;41;0.006581156
1961;42;0.004083711
1961;43;0.006277686
1961;44;0.006297485
1961;45;0.00559407
1961;46;0.007105704
1961;47;0.481272719
1961;48;0.331222594
1961;49;0.266546021
1961;50;0.309520256
1961;51;0.187231904
1961;52;0.193299429
1961;53;0.084669764
1961;54;0.000408164
1961;55;0.000240491
1961;56;0.000218834
1961;57;0.000388895
1961;58;0.000898154
1961;59;0.102225478
1961;60;0.352640425
1961;61;1.19867E-05
1961;62;0.034299393
1961;63;0.00390412
1961;64;0.00040911
1961;65;0.004527709
1961;66;0.466958708
1962;1;0.098149744
1962;2;0.068235115
1962;3;0.021627996
1962;4;0.008022776
1962;5;0.041058307
1962;6;0.040361458
1962;7;0.345380388
1962;8;0.480283816
1962;9;0.979660313
1962;10;0.050779277
1962;11;0.009758261
1962;12;0.029381432
1962;13;0.093079952
1962;14;0.01476425
1962;15;0.03089383
1962;16;0.041731828
1962;17;0.017944496
1962;18;0.682672708
1962;19;1.225757654
1962;20;0.503514497
1962;21;0.336164344
1962;22;0.472625646
1962;23;0.276053706
1962;24;0.177855521
1962;25;0.731983146
1962;26;0.05857269
1962;27;0.047199078
1962;28;0.022154043
1962;29;0.032718658
1962;30;0.017366382
1962;31;0.005822703
1962;32;0.031508514
1962;33;0.014130044
1962;34;0.040450941
1962;35;0.083134267
1962;36;0.178245966
1962;37;0.07912951
1962;38;0.038389545
1962;39;0.013307673
1962;40;0.038397716
1962;41;0.006704916
1962;42;0.004579641
1962;43;0.007442275
1962;44;0.007402355
1962;45;0.007261035
1962;46;0.00738197
1962;47;0.511094583
1962;48;0.34361052
1962;49;0.28375927
1962;50;0.335440751
1962;51;0.202733747
1962;52;0.198783243
1962;53;0.085910752
1962;54;0.000497382
1962;55;0.000250911
1962;56;0.000218834
1962;57;0.000388895
1962;58;0.000915277
1962;59;0.100033295
1962;60;0.362487052
1962;61;1.19867E-05
1962;62;0.018584096
1962;63;0.004093274
1962;64;0.000352658
1962;65;0.004829236
1962;66;0.504840536
1963;1;0.102254063
1963;2;0.066540611
1963;3;0.023621648
1963;4;0.008855391
1963;5;0.048319043
1963;6;0.045714402
1963;7;0.556029647
1963;8;0.548478652
1963;9;1.034870001
1963;10;0.05249841
1963;11;0.010046946
1963;12;0.027757801
1963;13;0.095406564
1963;14;0.019658304
1963;15;0.029116181
1963;16;0.031759478
1963;17;0.016711284
1963;18;1.43027897
1963;19;1.251616654
1963;20;0.448982553
1963;21;0.336648707
1963;22;0.555050541
1963;23;0.279627367
1963;24;0.177256169
1963;25;0.800820006
1963;26;0.069305904
1963;27;0.048792814
1963;28;0.024636115
1963;29;0.033800919
1963;30;0.017124079
1963;31;0.003949254
1963;32;0.032860844
1963;33;0.012379941
1963;34;0.042567432
1963;35;0.099893788
1963;36;0.203214139
1963;37;0.098914056
1963;38;0.037254184
1963;39;0.01288408
1963;40;0.036330345
1963;41;0.006533353
1963;42;0.004032741
1963;43;0.006045367
1963;44;0.005780482
1963;45;0.005390886
1963;46;0.007438303
1963;47;0.627501187
1963;48;0.484683568
1963;49;0.29177756
1963;50;0.365174642
1963;51;0.212836477
1963;52;0.231349663
1963;53;0.084202992
1963;54;0.00031868
1963;55;0.000228249
1963;56;0.000218834
1963;57;0.000388895
1963;58;0.000890894
1963;59;0.083628604
1963;60;0.381930995
1963;61;1.47111E-05
1963;62;0.030178986
1963;63;0.00143003
1963;64;0.00041369
1963;65;0.00108266
1963;66;0.036704477
1964;1;0.111269472
1964;2;0.076560913
1964;3;0.028863034
1964;4;0.014358266
1964;5;0.051448312
1964;6;0.045018919
1964;7;0.72754547
1964;8;0.50776687
1964;9;1.201873104
1964;10;0.052283885
1964;11;0.014011726
1964;12;0.02964665
1964;13;0.103517586
1964;14;0.025750282
1964;15;0.031372295
1964;16;0.035823019
1964;17;0.01787235
1964;18;1.162201771
1964;19;1.331608573
1964;20;0.286958209
1964;21;0.345476567
1964;22;0.666234944
1964;23;0.254458231
1964;24;0.200941194
1964;25;0.772114945
1964;26;0.067358036
1964;27;0.053596418
1964;28;0.02929672
1964;29;0.04990129
1964;30;0.019661184
1964;31;0.005427953
1964;32;0.035492082
1964;33;0.014413335
1964;34;0.044156201
1964;35;0.129886083
1964;36;0.19898275
1964;37;0.111017858
1964;38;0.035256856
1964;39;0.00658591
1964;40;0.01604393
1964;41;0.015150973
1964;42;0.005796775
1964;43;0.006636546
1964;44;0.006127159
1964;45;0.006733242
1964;46;0.012345592
1964;47;0.582202112
1964;48;0.473959058
1964;49;0.185545955
1964;50;0.229166485
1964;51;0.130678822
1964;52;0.161259246
1964;53;0.064421739
1964;54;0.000398893
1964;55;0.000228457
1964;56;0.000218834
1964;57;0.000388895
1964;58;0.000763582
1964;59;0.087723465
1964;60;0.400821532
1964;61;1.512E-05
1964;62;0.029657589
1964;63;0.001378848
1964;64;0.000591241
1964;65;0.001044226
1964;66;0.033860771
1965;1;0.131316927
1965;2;0.057781569
1965;3;0.030307712
1965;4;0.013436431
1965;5;0.052790218
1965;6;0.047185293
1965;7;0.9758872
1965;8;0.498705051
1965;9;1.229436609
1965;10;0.051439349
1965;11;0.012279464
1965;12;0.028368134
1965;13;0.089706075
1965;14;0.02761979
1965;15;0.028711104
1965;16;0.034338264
1965;17;0.016812496
1965;18;1.219980351
1965;19;1.309919377
1965;20;0.256176624
1965;21;0.431659261
1965;22;0.798293353
1965;23;0.253903305
1965;24;0.239626114
1965;25;0.67038734
1965;26;0.070873667
1965;27;0.059808872
1965;28;0.035739347
1965;29;0.090972122
1965;30;0.036140994
1965;31;0.006237955
1965;32;0.035132779
1965;33;0.019156475
1965;34;0.044677583
1965;35;0.114934175
1965;36;0.210777713
1965;37;0.118994299
1965;38;0.037938035
1965;39;0.006957479
1965;40;0.014650708
1965;41;0.016062482
1965;42;0.005988052
1965;43;0.007395458
1965;44;0.007119789
1965;45;0.008288189
1965;46;0.011901613
1965;47;0.603450013
1965;48;0.525289811
1965;49;0.226485424
1965;50;0.300426008
1965;51;0.169300106
1965;52;0.207446605
1965;53;0.074494934
1965;54;0.000341577
1965;55;0.000220971
1965;56;0.000218834
1965;57;0.000388895
1965;58;0.000733164
1965;59;0.071390044
1965;60;0.500857566
1965;61;1.47111E-05
1965;62;0.037301312
1965;63;0.001350493
1965;64;0.000349254
1965;65;0.001024475
1965;66;0.059142778
1966;1;0.11344422
1966;2;0.070426196
1966;3;0.08432322
1966;4;0.013324495
1966;5;0.047438951
1966;6;0.04157945
1966;7;0.896730071
1966;8;0.431935836
1966;9;1.226409636
1966;10;0.050289347
1966;11;0.01263829
1966;12;0.028636367
1966;13;0.105138918
1966;14;0.037399454
1966;15;0.040991765
1966;16;0.033137631
1966;17;0.016591359
1966;18;1.219817633
1966;19;1.116107166
1966;20;0.293229351
1966;21;0.502337401
1966;22;0.917704977
1966;23;0.30487542
1966;24;0.18915793
1966;25;0.688567162
1966;26;0.073028165
1966;27;0.066125917
1966;28;0.036677096
1966;29;0.124794544
1966;30;0.050981276
1966;31;0.008398299
1966;32;0.04104175
1966;33;0.023132909
1966;34;0.048388587
1966;35;0.113800449
1966;36;0.230285791
1966;37;0.133516262
1966;38;0.042981236
1966;39;0.008350808
1966;40;0.020848244
1966;41;0.017464162
1966;42;0.006394131
1966;43;0.007056317
1966;44;0.005744643
1966;45;0.006580468
1966;46;0.014232498
1966;47;0.616395762
1966;48;0.526833934
1966;49;0.248230632
1966;50;0.311767777
1966;51;0.179302823
1966;52;0.220070564
1966;53;0.07499304
1966;54;0.000352776
1966;55;0.000214298
1966;56;0.000218834
1966;57;0.000388895
1966;58;0.000747806
1966;59;0.054320049
1966;60;0.403462301
1966;61;3.61476E-05
1966;62;0.040282283
1966;63;0.00128163
1966;64;0.000260014
1966;65;0.000972325
1966;66;0.071468517
1967;1;0.094038279
1967;2;0.069133964
1967;3;0.104254019
1967;4;0.014595839
1967;5;0.045397681
1967;6;0.042490705
1967;7;0.558150642
1967;8;0.372994329
1967;9;1.514284604
1967;10;0.054991518
1967;11;0.01413133
1967;12;0.024705195
1967;13;0.111548072
1967;14;0.103210676
1967;15;0.216152066
1967;16;0.049963926
1967;17;0.019137535
1967;18;1.42571517
1967;19;1.132795373
1967;20;0.337856014
1967;21;0.447154337
1967;22;0.856649996
1967;23;0.330198287
1967;24;0.209273591
1967;25;0.747161581
1967;26;0.084807442
1967;27;0.076478716
1967;28;0.039978746
1967;29;0.126859218
1967;30;0.053489512
1967;31;0.008418687
1967;32;0.042068538
1967;33;0.028015965
1967;34;0.0521394
1967;35;0.112319522
1967;36;0.236743337
1967;37;0.135342662
1967;38;0.039398385
1967;39;0.007240702
1967;40;0.015559217
1967;41;0.014648296
1967;42;0.006991233
1967;43;0.008615211
1967;44;0.007404
1967;45;0.008092992
1967;46;0.01534036
1967;47;0.625616502
1967;48;0.535728846
1967;49;0.259475199
1967;50;0.349817111
1967;51;0.202561
1967;52;0.273215045
1967;53;0.083687114
1967;54;0.000341498
1967;55;0.000203802
1967;56;0.000218834
1967;57;0.000388895
1967;58;0.000743175
1967;59;0.080236994
1967;60;0.393328789
1967;61;0.000238947
1967;62;0.056625367
1967;63;0.001214272
1967;64;0.000423551
1967;65;0.000921666
1967;66;0.035737307
1968;1;0.109054623
1968;2;0.064908939
1968;3;0.073944212
1968;4;0.029943386
1968;5;0.05047899
1968;6;0.043311009
1968;7;0.53987895
1968;8;0.472768008
1968;9;1.748833133
1968;10;0.054185431
1968;11;0.016443195
1968;12;0.025188953
1968;13;0.115222528
1968;14;0.042772686
1968;15;0.064357107
1968;16;0.049149917
1968;17;0.021185771
1968;18;1.266535362
1968;19;1.165888926
1968;20;0.59641332
1968;21;0.343571774
1968;22;0.976248172
1968;23;0.373654463
1968;24;0.206476684
1968;25;0.71940467
1968;26;0.081391794
1968;27;0.088316444
1968;28;0.04861059
1968;29;0.166344855
1968;30;0.06884646
1968;31;0.009299873
1968;32;0.04188033
1968;33;0.025561483
1968;34;0.055010383
1968;35;0.109226818
1968;36;0.253505489
1968;37;0.161524338
1968;38;0.041339176
1968;39;0.007175263
1968;40;0.014548193
1968;41;0.015437852
1968;42;0.006909916
1968;43;0.008605021
1968;44;0.007692085
1968;45;0.008901237
1968;46;0.012995575
1968;47;0.653589611
1968;48;0.539837905
1968;49;0.280223861
1968;50;0.419480785
1968;51;0.232272202
1968;52;0.315927004
1968;53;0.086451002
1968;54;0.000354521
1968;55;0.000198013
1968;56;0.000218834
1968;57;0.000388895
1968;58;0.000879272
1968;59;0.106270229
1968;60;0.451114979
1968;61;0.000110893
1968;62;0.043081061
1968;63;0.001331958
1968;64;0.000329494
1968;65;0.000865655
1968;66;0.055136661
1969;1;0.091195919
1969;2;0.068377163
1969;3;0.101570138
1969;4;0.031014413
1969;5;0.053068561
1969;6;0.044362296
1969;7;0.557377035
1969;8;0.470711792
1969;9;1.564186614
1969;10;0.057803225
1969;11;0.016442559
1969;12;0.024837698
1969;13;0.102591154
1969;14;0.023063009
1969;15;0.025088717
1969;16;0.046051589
1969;17;0.0198752
1969;18;0.673143249
1969;19;1.296860915
1969;20;0.615964481
1969;21;0.466230356
1969;22;1.16482221
1969;23;0.366817953
1969;24;0.219336894
1969;25;0.688551617
1969;26;0.085679689
1969;27;0.104106522
1969;28;0.051343176
1969;29;0.147431942
1969;30;0.06244233
1969;31;0.008280864
1969;32;0.043439409
1969;33;0.024416581
1969;34;0.057187596
1969;35;0.099079417
1969;36;0.264427465
1969;37;0.1422988
1969;38;0.044587326
1969;39;0.006933967
1969;40;0.013893477
1969;41;0.014581464
1969;42;0.005828849
1969;43;0.007033972
1969;44;0.006456087
1969;45;0.007733349
1969;46;0.01282342
1969;47;0.636722012
1969;48;0.556715794
1969;49;0.247384239
1969;50;0.368413989
1969;51;0.205542666
1969;52;0.313835862
1969;53;0.084704348
1969;54;0.000412077
1969;55;0.000193788
1969;56;0.000218834
1969;57;0.000388895
1969;58;0.000864923
1969;59;0.110508974
1969;60;0.516623624
1969;61;0.001563506
1969;62;0.049059195
1969;63;0.00115626
1969;64;0.000376207
1969;65;0.000810818
1969;66;0.024110904
1970;1;0.125952604
1970;2;0.102556341
1970;3;0.111804736
1970;4;0.027019173
1970;5;0.040154503
1970;6;0.03140998
1970;7;0.410979924
1970;8;0.696826287
1970;9;1.177476511
1970;10;0.057426219
1970;11;0.018756258
1970;12;0.028262913
1970;13;0.124323494
1970;14;0.028044718
1970;15;0.030472555
1970;16;0.04608651
1970;17;0.02236589
1970;18;0.347431267
1970;19;1.449458855
1970;20;0.509238284
1970;21;0.586011567
1970;22;1.264916466
1970;23;0.363420631
1970;24;0.219823765
1970;25;0.751892867
1970;26;0.07083429
1970;27;0.168549182
1970;28;0.040601911
1970;29;0.178057275
1970;30;0.069421565
1970;31;0.006308056
1970;32;0.044354242
1970;33;0.024519898
1970;34;0.058654889
1970;35;0.120073564
1970;36;0.261193178
1970;37;0.172882946
1970;38;0.043892313
1970;39;0.007958964
1970;40;0.018572044
1970;41;0.013071405
1970;42;0.005537993
1970;43;0.007460654
1970;44;0.006704167
1970;45;0.007621539
1970;46;0.015349599
1970;47;0.614842216
1970;48;0.523454814
1970;49;0.241771275
1970;50;0.342461296
1970;51;0.198628528
1970;52;0.289501492
1970;53;0.086861382
1970;54;0.000396534
1970;55;0.00020682
1970;56;0.000218834
1970;57;0.000388895
1970;58;0.000779399
1970;59;0.087460875
1970;60;0.471327353
1970;61;1.47111E-05
1970;62;0.069253941
1970;63;0.000991537
1970;64;0.000440739
1970;65;0.000736085
1970;66;0.010417799
1971;1;0.123687436
1971;2;0.092233395
1971;3;0.109190094
1971;4;0.034588705
1971;5;0.043267939
1971;6;0.031520668
1971;7;0.553845089
1971;8;0.618805419
1971;9;1.04910896
1971;10;0.055904002
1971;11;0.019543366
1971;12;0.031363762
1971;13;0.116176419
1971;14;0.030056964
1971;15;0.035143245
1971;16;0.057753042
1971;17;0.02622997
1971;18;0.396050612
1971;19;1.430791066
1971;20;0.363395338
1971;21;0.600356381
1971;22;1.132117343
1971;23;0.310989685
1971;24;0.253216395
1971;25;0.506443985
1971;26;0.0772173
1971;27;0.197880371
1971;28;0.047283095
1971;29;0.188016392
1971;30;0.073969373
1971;31;0.005133525
1971;32;0.047100026
1971;33;0.024405661
1971;34;0.058440612
1971;35;0.169673454
1971;36;0.259178493
1971;37;0.181856152
1971;38;0.04601603
1971;39;0.008495227
1971;40;0.021843469
1971;41;0.016186987
1971;42;0.005385408
1971;43;0.006378153
1971;44;0.005601007
1971;45;0.00609608
1971;46;0.021624625
1971;47;0.635861643
1971;48;0.572109987
1971;49;0.226912648
1971;50;0.340088319
1971;51;0.21771251
1971;52;0.325145335
1971;53;0.101386793
1971;54;0.000354266
1971;55;0.000195343
1971;56;0.000218834
1971;57;0.000388895
1971;58;0.000679578
1971;59;0.097194587
1971;60;0.445444991
1971;61;0.000632569
1971;62;0.061368061
1971;63;0.001037734
1971;64;0.000710476
1971;65;0.000681441
1971;66;0.02412425
1972;1;0.118874239
1972;2;0.094750515
1972;3;0.09116167
1972;4;0.03152548
1972;5;0.038049563
1972;6;0.033244453
1972;7;0.581998267
1972;8;0.54314925
1972;9;1.080299004
1972;10;0.056980096
1972;11;0.020267225
1972;12;0.037143176
1972;13;0.074914699
1972;14;0.03329854
1972;15;0.039599598
1972;16;0.050086118
1972;17;0.029261235
1972;18;0.388079117
1972;19;1.234604564
1972;20;0.340311347
1972;21;0.530188475
1972;22;1.141869103
1972;23;0.359498818
1972;24;0.30853647
1972;25;0.413926611
1972;26;0.079881019
1972;27;0.225599081
1972;28;0.056664961
1972;29;0.258604968
1972;30;0.097584706
1972;31;0.005269882
1972;32;0.047583302
1972;33;0.02452228
1972;34;0.059592512
1972;35;0.182130932
1972;36;0.294984978
1972;37;0.196208491
1972;38;0.050497089
1972;39;0.008782516
1972;40;0.022415771
1972;41;0.018902572
1972;42;0.005852785
1972;43;0.006867445
1972;44;0.005181716
1972;45;0.005229263
1972;46;0.035291798
1972;47;0.73146453
1972;48;0.669844567
1972;49;0.257280734
1972;50;0.391060716
1972;51;0.243732293
1972;52;0.356869261
1972;53;0.107167622
1972;54;0.000464863
1972;55;0.000199849
1972;56;0.000218834
1972;57;0.000388895
1972;58;0.000663761
1972;59;0.080215281
1972;60;0.462852263
1972;61;0.001139615
1972;62;0.061746032
1972;63;0.001838878
1972;64;0.000508829
1972;65;0.000605478
1972;66;0.025975069
1973;1;0.094318903
1973;2;0.064418701
1973;3;0.099751925
1973;4;0.044906185
1973;5;0.039666636
1973;6;0.036951338
1973;7;0.648600375
1973;8;0.746896738
1973;9;0.858244474
1973;10;0.063328969
1973;11;0.021864779
1973;12;0.038735607
1973;13;0.088617529
1973;14;0.044636822
1973;15;0.044968977
1973;16;0.057715352
1973;17;0.031847214
1973;18;0.23249287
1973;19;1.215539231
1973;20;0.540063652
1973;21;0.387709313
1973;22;1.046004987
1973;23;0.367357426
1973;24;0.325851031
1973;25;0.474341158
1973;26;0.073768622
1973;27;0.290017272
1973;28;0.057743267
1973;29;0.227711968
1973;30;0.08863391
1973;31;0.003758594
1973;32;0.053209767
1973;33;0.025606855
1973;34;0.066889628
1973;35;0.199193886
1973;36;0.318540175
1973;37;0.210506703
1973;38;0.055198955
1973;39;0.010291711
1973;40;0.026994784
1973;41;0.023360109
1973;42;0.00555679
1973;43;0.006120587
1973;44;0.004684146
1973;45;0.004690604
1973;46;0.040773615
1973;47;0.799039651
1973;48;0.768710848
1973;49;0.258743971
1973;50;0.369645333
1973;51;0.261948733
1973;52;0.376339602
1973;53;0.129685819
1973;54;0.00058981
1973;55;0.00022301
1973;56;0.000218834
1973;57;0.000388895
1973;58;0.00076293
1973;59;0.071890547
1973;60;0.629728193
1973;61;0.000245154
1973;62;0.045962242
1973;63;0.00082164
1973;64;0.00041038
1973;65;0.000527311
1973;66;0.012214799
1974;1;0.114337593
1974;2;0.089214419
1974;3;0.117678621
1974;4;0.035007193
1974;5;0.039664644
1974;6;0.03372482
1974;7;0.573159226
1974;8;0.483142138
1974;9;0.876281703
1974;10;0.058711197
1974;11;0.017805508
1974;12;0.040687562
1974;13;0.080467725
1974;14;0.045916453
1974;15;0.026027475
1974;16;0.057600816
1974;17;0.032916514
1974;18;0.213473497
1974;19;1.139811532
1974;20;0.68276587
1974;21;0.450561462
1974;22;1.134788646
1974;23;0.374483161
1974;24;0.314669772
1974;25;0.403715416
1974;26;0.082727721
1974;27;0.334534033
1974;28;0.063144128
1974;29;0.172991625
1974;30;0.084664549
1974;31;0.004820497
1974;32;0.058289902
1974;33;0.031076181
1974;34;0.071527564
1974;35;0.203204574
1974;36;0.327315731
1974;37;0.233178057
1974;38;0.064245528
1974;39;0.013629629
1974;40;0.045131689
1974;41;0.029626946
1974;42;0.006179058
1974;43;0.007276427
1974;44;0.006073769
1974;45;0.006026956
1974;46;0.056764254
1974;47;0.822542742
1974;48;0.802299978
1974;49;0.227228821
1974;50;0.345245436
1974;51;0.226259755
1974;52;0.352678551
1974;53;0.114840834
1974;54;0.000767464
1974;55;0.000245923
1974;56;0.000218834
1974;57;0.000388895
1974;58;0.000808773
1974;59;0.132459118
1974;60;0.526516578
1974;61;0.000251214
1974;62;0.054272714
1974;63;0.00067351
1974;64;0.000426811
1974;65;0.000440606
1974;66;0.0159039
1975;1;0.104999768
1975;2;0.088412817
1975;3;0.131846481
1975;4;0.063755642
1975;5;0.039929995
1975;6;0.034145489
1975;7;0.553751145
1975;8;0.485384925
1975;9;0.700588912
1975;10;0.060218501
1975;11;0.017686455
1975;12;0.039595587
1975;13;0.064241943
1975;14;0.033825972
1975;15;0.031123668
1975;16;0.05132432
1975;17;0.037199705
1975;18;0.2731119
1975;19;1.115819524
1975;20;0.576744159
1975;21;0.393985731
1975;22;1.041715312
1975;23;0.447623515
1975;24;0.345888565
1975;25;0.496001677
1975;26;0.081316533
1975;27;0.275787453
1975;28;0.061007675
1975;29;0.24540961
1975;30;0.042240452
1975;31;0.006964653
1975;32;0.064673653
1975;33;0.027314046
1975;34;0.079362045
1975;35;0.172794742
1975;36;0.32188965
1975;37;0.239298498
1975;38;0.054542464
1975;39;0.01184343
1975;40;0.034317469
1975;41;0.031604271
1975;42;0.006172213
1975;43;0.006527273
1975;44;0.006980824
1975;45;0.007558214
1975;46;0.078901984
1975;47;0.749156615
1975;48;0.718204045
1975;49;0.248924211
1975;50;0.396028743
1975;51;0.26154386
1975;52;0.410269178
1975;53;0.126817687
1975;54;0.000710013
1975;55;0.00022755
1975;56;0.000218834
1975;57;0.000388895
1975;58;0.000732852
1975;59;0.102646734
1975;60;0.615619887
1975;61;0.000126609
1975;62;0.055116277
1975;63;0.00059244
1975;64;0.000469833
1975;65;0.000353795
1975;66;0.014330106
1976;1;0.129195098
1976;2;0.099081889
1976;3;0.133278753
1976;4;0.02976368
1976;5;0.03681694
1976;6;0.034625307
1976;7;0.450021333
1976;8;0.427629221
1976;9;0.558727346
1976;10;0.078127876
1976;11;0.021220562
1976;12;0.038827407
1976;13;0.073470854
1976;14;0.051722979
1976;15;0.05605672
1976;16;0.040453804
1976;17;0.034890927
1976;18;0.160874044
1976;19;1.093416874
1976;20;0.594038213
1976;21;0.441281975
1976;22;1.175231521
1976;23;0.481461339
1976;24;0.379793218
1976;25;0.429310937
1976;26;0.092097411
1976;27;0.308178109
1976;28;0.059280809
1976;29;0.318414117
1976;30;0.033200235
1976;31;0.006030074
1976;32;0.062956111
1976;33;0.032746762
1976;34;0.084483627
1976;35;0.192409763
1976;36;0.320830116
1976;37;0.224428796
1976;38;0.062629986
1976;39;0.013234669
1976;40;0.039521202
1976;41;0.030010067
1976;42;0.005906717
1976;43;0.00690552
1976;44;0.007685397
1976;45;0.008220107
1976;46;0.121262814
1976;47;0.680096007
1976;48;0.626883881
1976;49;0.250626049
1976;50;0.353593075
1976;51;0.22434395
1976;52;0.351987375
1976;53;0.119905138
1976;54;0.000420219
1976;55;0.000177665
1976;56;0.000218834
1976;57;0.000388895
1976;58;0.000733467
1976;59;0.092181502
1976;60;0.729906015
1976;61;8.74719E-05
1976;62;0.071732318
1976;63;0.001069954
1976;64;0.000360407
1976;65;0.000404093
1976;66;0.019057209
1977;1;0.125567538
1977;2;0.050909202
1977;3;0.091466728
1977;4;0.038560862
1977;5;0.042094571
1977;6;0.035626868
1977;7;0.431834872
1977;8;0.313633754
1977;9;0.482626445
1977;10;0.078649843
1977;11;0.023850132
1977;12;0.034008102
1977;13;0.078593589
1977;14;0.086738528
1977;15;0.052335776
1977;16;0.049269648
1977;17;0.033835154
1977;18;0.160395448
1977;19;1.099519744
1977;20;0.55677487
1977;21;0.485554407
1977;22;0.909748413
1977;23;0.407486957
1977;24;0.257365817
1977;25;0.496062301
1977;26;0.093423399
1977;27;0.272422076
1977;28;0.072290533
1977;29;0.274673558
1977;30;0.024219312
1977;31;0.009693825
1977;32;0.065719692
1977;33;0.048874646
1977;34;0.086380103
1977;35;0.140980959
1977;36;0.320309292
1977;37;0.261546242
1977;38;0.104869337
1977;39;0.015714679
1977;40;0.044251714
1977;41;0.055511115
1977;42;0.00806539
1977;43;0.008950112
1977;44;0.009871163
1977;45;0.011146772
1977;46;0.193295849
1977;47;0.649059542
1977;48;0.594616295
1977;49;0.231207482
1977;50;0.317320092
1977;51;0.211404853
1977;52;0.320163679
1977;53;0.13129364
1977;54;0.000450525
1977;55;0.000180583
1977;56;0.000218947
1977;57;0.000389086
1977;58;0.000707508
1977;59;0.064415839
1977;60;0.705321953
1977;61;3.80935E-05
1977;62;0.061129583
1977;63;0.001013334
1977;64;0.00033964
1977;65;0.000378848
1977;66;0.014188335
1978;1;0.113745765
1978;2;0.078152284
1978;3;0.081170624
1978;4;0.038862277
1978;5;0.050333828
1978;6;0.038626785
1978;7;0.395325113
1978;8;0.386836196
1978;9;0.427691592
1978;10;0.089943872
1978;11;0.018519502
1978;12;0.028994168
1978;13;0.135170325
1978;14;0.118728485
1978;15;0.052286676
1978;16;0.047826541
1978;17;0.031490237
1978;18;0.16313054
1978;19;1.062506043
1978;20;0.413547106
1978;21;0.487166029
1978;22;0.932916108
1978;23;0.380473202
1978;24;0.282537648
1978;25;0.421324306
1978;26;0.092470602
1978;27;0.22240825
1978;28;0.067289158
1978;29;0.31632238
1978;30;0.021270175
1978;31;0.010799699
1978;32;0.070288841
1978;33;0.041709657
1978;34;0.093120652
1978;35;0.145733956
1978;36;0.327587099
1978;37;0.254329493
1978;38;0.111128919
1978;39;0.020061623
1978;40;0.062226038
1978;41;0.046672283
1978;42;0.008308558
1978;43;0.009808745
1978;44;0.012143932
1978;45;0.012517159
1978;46;0.043813821
1978;47;0.662661662
1978;48;0.596470761
1978;49;0.250439417
1978;50;0.310279272
1978;51;0.208771158
1978;52;0.277150798
1978;53;0.114779704
1978;54;0.000382805
1978;55;0.000173718
1978;56;0.000220022
1978;57;0.00039091
1978;58;0.000640731
1978;59;0.049357314
1978;60;0.669240732
1978;61;0.001391354
1978;62;0.076087739
1978;63;0.000570327
1978;64;0.000168215
1978;65;0.000370697
1978;66;0.008148233
1979;1;0.105662689
1979;2;0.109029547
1979;3;0.099200098
1979;4;0.038264093
1979;5;0.051249732
1979;6;0.039939676
1979;7;0.388142461
1979;8;0.455277624
1979;9;0.505991836
1979;10;0.095161877
1979;11;0.018905947
1979;12;0.031262248
1979;13;0.097638461
1979;14;0.140985263
1979;15;0.050231524
1979;16;0.049564883
1979;17;0.031028648
1979;18;0.199818854
1979;19;1.266812136
1979;20;0.280310569
1979;21;0.666566706
1979;22;0.836784713
1979;23;0.511098972
1979;24;0.307994668
1979;25;0.360500657
1979;26;0.09271226
1979;27;0.205881936
1979;28;0.063793162
1979;29;0.224679123
1979;30;0.024347836
1979;31;0.007129875
1979;32;0.072406659
1979;33;0.043118524
1979;34;0.096323741
1979;35;0.1235742
1979;36;0.28257359
1979;37;0.233005331
1979;38;0.10797932
1979;39;0.014830582
1979;40;0.044528418
1979;41;0.025202437
1979;42;0.00469809
1979;43;0.005940896
1979;44;0.006495185
1979;45;0.00846734
1979;46;0.047250417
1979;47;0.72245723
1979;48;0.717224966
1979;49;0.253367014
1979;50;0.39652
1979;51;0.214010609
1979;52;0.300860732
1979;53;0.124347606
1979;54;0.000391486
1979;55;0.000170156
1979;56;0.00022123
1979;57;0.000392961
1979;58;0.000522431
1979;59;0.057121025
1979;60;0.620436599
1979;61;0.000925867
1979;62;0.123179651
1979;63;0.000623779
1979;64;0.000166944
1979;65;0.000376706
1979;66;0.006198117
1980;1;0.114321003
1980;2;0.105561684
1980;3;0.06963548
1980;4;0.050338285
1980;5;0.061274575
1980;6;0.048809199
1980;7;0.433121121
1980;8;0.490209727
1980;9;0.455615423
1980;10;0.095634491
1980;11;0.02031295
1980;12;0.028438731
1980;13;0.107411605
1980;14;0.112031821
1980;15;0.036676133
1980;16;0.049861501
1980;17;0.031648417
1980;18;0.161714681
1980;19;1.4129793
1980;20;0.24576169
1980;21;0.643638381
1980;22;0.865027476
1980;23;0.702476384
1980;24;0.317757839
1980;25;0.433540257
1980;26;0.101263653
1980;27;0.240245819
1980;28;0.080772843
1980;29;0.179855939
1980;30;0.023725056
1980;31;0.008562249
1980;32;0.06333951
1980;33;0.046760893
1980;34;0.093060253
1980;35;0.109387894
1980;36;0.286817851
1980;37;0.234656172
1980;38;0.111486274
1980;39;0.018963539
1980;40;0.058153261
1980;41;0.030129298
1980;42;0.006660098
1980;43;0.008561477
1980;44;0.009758938
1980;45;0.010261333
1980;46;0.059801815
1980;47;0.723619448
1980;48;0.691335989
1980;49;0.276894801
1980;50;0.435414716
1980;51;0.217194927
1980;52;0.315344531
1980;53;0.118650874
1980;54;0.000561587
1980;55;0.000204966
1980;56;0.000220967
1980;57;0.000392516
1980;58;0.000494171
1980;59;0.059317886
1980;60;0.62574965
1980;61;0.001001779
1980;62;0.094068626
1980;63;0.000683729
1980;64;0.000158888
1980;65;0.000368461
1980;66;0.005501711
1981;1;0.125953068
1981;2;0.14790199
1981;3;0.101050484
1981;4;0.060359388
1981;5;0.065665315
1981;6;0.053137573
1981;7;0.418160268
1981;8;0.509028127
1981;9;0.457275526
1981;10;0.105725032
1981;11;0.021911638
1981;12;0.029402922
1981;13;0.093310177
1981;14;0.105168755
1981;15;0.044561348
1981;16;0.054100462
1981;17;0.037055387
1981;18;0.182546189
1981;19;1.452754217
1981;20;0.229863686
1981;21;0.646343989
1981;22;0.913754863
1981;23;0.684515499
1981;24;0.339912141
1981;25;0.409437288
1981;26;0.108730241
1981;27;0.194761672
1981;28;0.060544026
1981;29;0.196845103
1981;30;0.020308191
1981;31;0.00866928
1981;32;0.066291393
1981;33;0.046926214
1981;34;0.092102337
1981;35;0.141329469
1981;36;0.301465526
1981;37;0.241639881
1981;38;0.117363343
1981;39;0.018383407
1981;40;0.05511901
1981;41;0.030657585
1981;42;0.006772053
1981;43;0.00880722
1981;44;0.010240619
1981;45;0.0102323
1981;46;0.061937762
1981;47;0.742369641
1981;48;0.757301432
1981;49;0.225166007
1981;50;0.404383709
1981;51;0.192254655
1981;52;0.305252382
1981;53;0.118952893
1981;54;0.000806343
1981;55;0.000255764
1981;56;0.000217138
1981;57;0.000410873
1981;58;0.000393991
1981;59;0.059240311
1981;60;0.637633151
1981;61;0.000477077
1981;62;0.102383923
1981;63;0.000942944
1981;64;0.000514688
1981;65;0.000364587
1981;66;0.01380461
1982;1;0.166100511
1982;2;0.114944546
1982;3;0.080411799
1982;4;0.043205593
1982;5;0.062500564
1982;6;0.038300688
1982;7;0.430763348
1982;8;0.514948637
1982;9;0.546463395
1982;10;0.098024865
1982;11;0.015558482
1982;12;0.033586123
1982;13;0.093892877
1982;14;0.151123576
1982;15;0.044721903
1982;16;0.055278462
1982;17;0.037110513
1982;18;0.194397152
1982;19;1.252927276
1982;20;0.209598212
1982;21;0.459340705
1982;22;0.943003223
1982;23;0.661053525
1982;24;0.3438606
1982;25;0.458432539
1982;26;0.122447623
1982;27;0.227895272
1982;28;0.067110226
1982;29;0.23080743
1982;30;0.022150161
1982;31;0.008002746
1982;32;0.07148952
1982;33;0.042577766
1982;34;0.097360188
1982;35;0.107552208
1982;36;0.311669197
1982;37;0.249488521
1982;38;0.127074337
1982;39;0.018715414
1982;40;0.055578093
1982;41;0.030442405
1982;42;0.007340032
1982;43;0.010108181
1982;44;0.011237578
1982;45;0.010443797
1982;46;0.066062619
1982;47;0.741273186
1982;48;0.735848912
1982;49;0.235928743
1982;50;0.41072902
1982;51;0.198867495
1982;52;0.307740353
1982;53;0.130468784
1982;54;0.000676807
1982;55;0.000226657
1982;56;0.000223393
1982;57;0.000356946
1982;58;0.000332088
1982;59;0.064478667
1982;60;0.621389142
1982;61;0.000678456
1982;62;0.139166214
1982;63;0.000963884
1982;64;0.000444088
1982;65;0.000371412
1982;66;0.013748738
1983;1;0.188152551
1983;2;0.140446003
1983;3;0.076974302
1983;4;0.025510546
1983;5;0.059166263
1983;6;0.033304306
1983;7;0.415557527
1983;8;0.467328279
1983;9;0.534947184
1983;10;0.087055991
1983;11;0.009672575
1983;12;0.036142003
1983;13;0.069734856
1983;14;0.154123996
1983;15;0.047992623
1983;16;0.058865233
1983;17;0.040413158
1983;18;0.183036982
1983;19;1.046805763
1983;20;0.173704746
1983;21;0.433372141
1983;22;0.920541389
1983;23;0.685781844
1983;24;0.373802749
1983;25;0.433687509
1983;26;0.132121048
1983;27;0.21460535
1983;28;0.07453379
1983;29;0.239310261
1983;30;0.020928212
1983;31;0.008734404
1983;32;0.071747732
1983;33;0.039248177
1983;34;0.104017835
1983;35;0.126850008
1983;36;0.320594128
1983;37;0.278850039
1983;38;0.145219413
1983;39;0.018613815
1983;40;0.05956666
1983;41;0.029504269
1983;42;0.006923389
1983;43;0.010009764
1983;44;0.01090456
1983;45;0.010710713
1983;46;0.077573705
1983;47;0.723857347
1983;48;0.705887505
1983;49;0.247411326
1983;50;0.382603153
1983;51;0.210248151
1983;52;0.329892959
1983;53;0.132487718
1983;54;0.000432252
1983;55;0.000183988
1983;56;0.00021931
1983;57;0.000402483
1983;58;0.000296745
1983;59;0.05354897
1983;60;0.749092333
1983;61;0.000273881
1983;62;0.147268653
1983;63;0.001024551
1983;64;0.000196109
1983;65;0.000353628
1983;66;0.011867921
1984;1;0.218023485
1984;2;0.147565111
1984;3;0.084684829
1984;4;0.028784779
1984;5;0.065242578
1984;6;0.037245912
1984;7;0.389057919
1984;8;0.50343128
1984;9;0.54024117
1984;10;0.089366149
1984;11;0.016062143
1984;12;0.033984464
1984;13;0.095714495
1984;14;0.116692162
1984;15;0.050906496
1984;16;0.061361638
1984;17;0.040320135
1984;18;0.12810731
1984;19;1.075822703
1984;20;0.156906232
1984;21;0.410058025
1984;22;0.890123212
1984;23;0.790590574
1984;24;0.379851281
1984;25;0.468755224
1984;26;0.142837326
1984;27;0.178860556
1984;28;0.04570747
1984;29;0.234417637
1984;30;0.023323375
1984;31;0.009717009
1984;32;0.077437049
1984;33;0.047608615
1984;34;0.104453431
1984;35;0.118449463
1984;36;0.33299739
1984;37;0.272109103
1984;38;0.14119373
1984;39;0.019092256
1984;40;0.062639861
1984;41;0.02968313
1984;42;0.006833846
1984;43;0.010293506
1984;44;0.010549823
1984;45;0.012039605
1984;46;0.090065172
1984;47;0.750951591
1984;48;0.737769737
1984;49;0.265687705
1984;50;0.42448414
1984;51;0.220755409
1984;52;0.35470263
1984;53;0.140466449
1984;54;0.000516598
1984;55;0.000203398
1984;56;0.000279821
1984;57;0.000391347
1984;58;0.000301309
1984;59;0.04680903
1984;60;0.90355871
1984;61;0.000173467
1984;62;0.115654226
1984;63;0.000526096
1984;64;0.000396222
1984;65;0.000358825
1984;66;0.005280636
1985;1;0.248657841
1985;2;0.154809912
1985;3;0.087423324
1985;4;0.030179402
1985;5;0.05747588
1985;6;0.035082875
1985;7;0.372695189
1985;8;0.519747003
1985;9;0.579548252
1985;10;0.129504055
1985;11;0.016137453
1985;12;0.036401183
1985;13;0.089752341
1985;14;0.157154082
1985;15;0.057104242
1985;16;0.057852876
1985;17;0.039785534
1985;18;0.075096773
1985;19;1.148475729
1985;20;0.169068247
1985;21;0.344502276
1985;22;0.876696768
1985;23;0.631803645
1985;24;0.389479718
1985;25;0.446662053
1985;26;0.151006302
1985;27;0.199629772
1985;28;0.047308711
1985;29;0.23767529
1985;30;0.032390692
1985;31;0.011923266
1985;32;0.096927937
1985;33;0.068682451
1985;34;0.102759637
1985;35;0.121248274
1985;36;0.326166442
1985;37;0.271801544
1985;38;0.128347608
1985;39;0.018487596
1985;40;0.053329031
1985;41;0.02736083
1985;42;0.00635475
1985;43;0.008503382
1985;44;0.009552487
1985;45;0.012126709
1985;46;0.087705706
1985;47;0.694816385
1985;48;0.685096547
1985;49;0.227157727
1985;50;0.402958528
1985;51;0.218879779
1985;52;0.368130466
1985;53;0.160066454
1985;54;0.000666168
1985;55;0.000233267
1985;56;0.000318298
1985;57;0.000459364
1985;58;0.000298011
1985;59;0.053482839
1985;60;0.94047713
1985;61;0.000410429
1985;62;0.133782872
1985;63;0.000601069
1985;64;0.000453953
1985;65;0.000362455
1985;66;0.004450406
1986;1;0.282917381
1986;2;0.183191543
1986;3;0.121242915
1986;4;0.028289204
1986;5;0.056061994
1986;6;0.03472947
1986;7;0.312282046
1986;8;0.526439418
1986;9;0.679439866
1986;10;0.13355937
1986;11;0.01570856
1986;12;0.035999531
1986;13;0.117635417
1986;14;0.165226017
1986;15;0.0517145
1986;16;0.061894138
1986;17;0.034734282
1986;18;0.053258893
1986;19;1.253898541
1986;20;0.209211344
1986;21;0.356278309
1986;22;0.793310781
1986;23;0.502169326
1986;24;0.399759926
1986;25;0.452894774
1986;26;0.143801146
1986;27;0.232610879
1986;28;0.053667406
1986;29;0.244536195
1986;30;0.037798477
1986;31;0.01252251
1986;32;0.106509199
1986;33;0.069659773
1986;34;0.110835015
1986;35;0.133012222
1986;36;0.342439206
1986;37;0.286459676
1986;38;0.140996676
1986;39;0.02584888
1986;40;0.086314491
1986;41;0.042524765
1986;42;0.007065519
1986;43;0.010673434
1986;44;0.011285994
1986;45;0.012747222
1986;46;0.09397415
1986;47;0.610892799
1986;48;0.593702294
1986;49;0.209883661
1986;50;0.367708419
1986;51;0.202888577
1986;52;0.366487098
1986;53;0.168870474
1986;54;0.000473243
1986;55;0.000192471
1986;56;0.000422876
1986;57;0.000430353
1986;58;0.000275259
1986;59;0.071138415
1986;60;0.859045657
1986;61;0.000140675
1986;62;0.126962312
1986;63;0.000500311
1986;64;0.000596382
1986;65;0.00035862
1986;66;0.003219938
1987;1;0.272094734
1987;2;0.214369813
1987;3;0.169234798
1987;4;0.030887072
1987;5;0.05808625
1987;6;0.034033872
1987;7;0.322428088
1987;8;0.458512093
1987;9;0.635779059
1987;10;0.15455282
1987;11;0.016037126
1987;12;0.036454235
1987;13;0.12902212
1987;14;0.214018873
1987;15;0.050734071
1987;16;0.059047792
1987;17;0.034406674
1987;18;0.089608474
1987;19;1.353670263
1987;20;0.263204019
1987;21;0.354760647
1987;22;0.781127766
1987;23;0.445478716
1987;24;0.402169693
1987;25;0.439393723
1987;26;0.144784905
1987;27;0.234778067
1987;28;0.050409466
1987;29;0.231545773
1987;30;0.040536691
1987;31;0.012297847
1987;32;0.102174401
1987;33;0.075136814
1987;34;0.113058473
1987;35;0.143101304
1987;36;0.357176707
1987;37;0.298454437
1987;38;0.148642117
1987;39;0.027778252
1987;40;0.094503036
1987;41;0.051602316
1987;42;0.008007223
1987;43;0.011884643
1987;44;0.012893123
1987;45;0.014338994
1987;46;0.109086562
1987;47;0.624866748
1987;48;0.610248017
1987;49;0.210462756
1987;50;0.40860718
1987;51;0.209472869
1987;52;0.375700527
1987;53;0.164516849
1987;54;0.000470101
1987;55;0.000214817
1987;56;0.000312321
1987;57;0.000421627
1987;58;0.000278715
1987;59;0.089785454
1987;60;0.76051089
1987;61;6.02418E-05
1987;62;0.127248115
1987;63;0.000513923
1987;64;0.000252806
1987;65;0.000359197
1987;66;0.00891759
1988;1;0.253906475
1988;2;0.21034387
1988;3;0.129125754
1988;4;0.036755178
1988;5;0.060207486
1988;6;0.039345832
1988;7;0.356081241
1988;8;0.424068489
1988;9;0.599932618
1988;10;0.096853326
1988;11;0.022679163
1988;12;0.036207613
1988;13;0.1859114
1988;14;0.234884903
1988;15;0.043914594
1988;16;0.052735689
1988;17;0.029903037
1988;18;0.200914295
1988;19;1.337488413
1988;20;0.221204908
1988;21;0.376471757
1988;22;0.73824908
1988;23;0.411559379
1988;24;0.41627296
1988;25;0.420643915
1988;26;0.152769839
1988;27;0.247541844
1988;28;0.051719459
1988;29;0.20759366
1988;30;0.043250309
1988;31;0.014554542
1988;32;0.114666295
1988;33;0.078504919
1988;34;0.116143859
1988;35;0.152192649
1988;36;0.368134504
1988;37;0.303172789
1988;38;0.156608354
1988;39;0.038538321
1988;40;0.144063625
1988;41;0.067390189
1988;42;0.008005424
1988;43;0.011353209
1988;44;0.011846386
1988;45;0.014149389
1988;46;0.124666842
1988;47;0.640974474
1988;48;0.611160393
1988;49;0.225429604
1988;50;0.382841856
1988;51;0.218960588
1988;52;0.35680694
1988;53;0.167076087
1988;54;0.000664018
1988;55;0.000257009
1988;56;0.000300226
1988;57;0.000387303
1988;58;0.000256566
1988;59;0.069986729
1988;60;0.757386788
1988;61;8.79387E-05
1988;62;0.138068025
1988;63;0.000602801
1988;64;0.000362419
1988;65;0.000367466
1988;66;0.012547311
1989;1;0.235115345
1989;2;0.242915881
1989;3;0.129405146
1989;4;0.048869773
1989;5;0.056714524
1989;6;0.034101009
1989;7;0.352641255
1989;8;0.437640106
1989;9;0.546290828
1989;10;0.031333136
1989;11;0.025974734
1989;12;0.038021669
1989;13;0.196363763
1989;14;0.222871099
1989;15;0.043559056
1989;16;0.050790438
1989;17;0.030437777
1989;18;0.358399697
1989;19;1.299454634
1989;20;0.181517052
1989;21;0.305920016
1989;22;0.638306237
1989;23;0.365283126
1989;24;0.431619851
1989;25;0.377497901
1989;26;0.144585953
1989;27;0.250281926
1989;28;0.054840434
1989;29;0.190452356
1989;30;0.048203705
1989;31;0.007179903
1989;32;0.119140825
1989;33;0.08134695
1989;34;0.128185329
1989;35;0.146128965
1989;36;0.378075948
1989;37;0.322358063
1989;38;0.162086881
1989;39;0.039812245
1989;40;0.136751688
1989;41;0.061674959
1989;42;0.009148922
1989;43;0.010186565
1989;44;0.00965587
1989;45;0.014008075
1989;46;0.167282159
1989;47;0.654564073
1989;48;0.638334144
1989;49;0.224378286
1989;50;0.436626324
1989;51;0.245761978
1989;52;0.418479427
1989;53;0.153048205
1989;54;0.00060897
1989;55;0.000246461
1989;56;0.000345227
1989;57;0.000355842
1989;58;0.000256668
1989;59;0.045947736
1989;60;0.67325193
1989;61;6.27478E-05
1989;62;0.093184195
1989;63;0.000568069
1989;64;0.000221645
1989;65;0.000366663
1989;66;0.012895417
1990;1;0.243877805
1990;2;0.235368664
1990;3;0.114624412
1990;4;0.046727155
1990;5;0.059724991
1990;6;0.030988765
1990;7;0.393203346
1990;8;0.399356436
1990;9;0.498270423
1990;10;0.028890437
1990;11;0.025130171
1990;12;0.041122233
1990;13;0.199878529
1990;14;0.191275045
1990;15;0.037954828
1990;16;0.04249273
1990;17;0.031689356
1990;18;0.241070911
1990;19;1.242122793
1990;20;0.107975201
1990;21;0.234618188
1990;22;0.562683574
1990;23;0.324791865
1990;24;0.386124844
1990;25;0.382417929
1990;26;0.137154072
1990;27;0.263916117
1990;28;0.061407742
1990;29;0.096813127
1990;30;0.04999593
1990;31;0.009122482
1990;32;0.122127511
1990;33;0.084733252
1990;34;0.129871608
1990;35;0.152215659
1990;36;0.411520896
1990;37;0.325846659
1990;38;0.172935643
1990;39;0.034751138
1990;40;0.121903645
1990;41;0.091399132
1990;42;0.00951031
1990;43;0.010621219
1990;44;0.010227758
1990;45;0.014438537
1990;46;0.178991159
1990;47;0.733223862
1990;48;0.684137642
1990;49;0.22873116
1990;50;0.396962072
1990;51;0.23591303
1990;52;0.374798881
1990;53;0.148186358
1990;54;0.000547172
1990;55;0.000233443
1990;56;0.000374212
1990;57;0.000331277
1990;58;0.000208473
1990;59;0.062680702
1990;60;0.687510406
1990;61;0.000110482
1990;62;0.073858036
1990;63;0.001021473
1990;64;0.000424932
1990;65;0.000351138
1990;66;0.027763408
1991;1;0.224622546
1991;2;0.210774562
1991;3;0.051723567
1991;4;0.033048749
1991;5;0.071311923
1991;6;0.033812061
1991;7;0.413741133
1991;8;0.357032278
1991;9;0.39558429
1991;10;0.02430251
1991;11;0.025651426
1991;12;0.032237632
1991;13;0.174474454
1991;14;0.214063349
1991;15;0.041571251
1991;16;0.043367827
1991;17;0.033037421
1991;18;0.10252544
1991;19;1.123029408
1991;20;0.160576529
1991;21;0.309395121
1991;22;0.586341456
1991;23;0.278702902
1991;24;0.338936782
1991;25;0.384232113
1991;26;0.137803106
1991;27;0.264435825
1991;28;0.058757418
1991;29;0.072703082
1991;30;0.046909518
1991;31;0.011504116
1991;32;0.126858604
1991;33;0.100321426
1991;34;0.142468858
1991;35;0.1655381
1991;36;0.428259569
1991;37;0.319696957
1991;38;0.179911896
1991;39;0.053255438
1991;40;0.20189942
1991;41;0.119992261
1991;42;0.012307297
1991;43;0.011056319
1991;44;0.010332346
1991;45;0.015581886
1991;46;0.214778374
1991;47;0.824499483
1991;48;0.723152504
1991;49;0.331859839
1991;50;0.404334833
1991;51;0.165729303
1991;52;0.256306437
1991;53;0.105646104
1991;54;0.000684319
1991;55;0.000282382
1991;56;0.00033731
1991;57;0.000357053
1991;58;0.000208265
1991;59;0.060925448
1991;60;0.613830953
1991;61;3.27279E-05
1991;62;0.072823624
1991;63;0.000983618
1991;64;0.000173563
1991;65;0.000337458
1991;66;0.022084634
1992;1;0.227381448
1992;2;0.197641663
1992;3;0.062658541
1992;4;0.038349017
1992;5;0.077413376
1992;6;0.034691511
1992;7;0.381211989
1992;8;0.292432755
1992;9;0.203758709
1992;10;0.022537835
1992;11;0.029902227
1992;12;0.029837411
1992;13;0.174342517
1992;14;0.213473867
1992;15;0.047122107
1992;16;0.047959359
1992;17;0.033230731
1992;18;0.072308988
1992;19;1.052000777
1992;20;0.212555348
1992;21;0.336018557
1992;22;0.609320337
1992;23;0.173220505
1992;24;0.340318566
1992;25;0.368983459
1992;26;0.154140583
1992;27;0.211279114
1992;28;0.061850206
1992;29;0.118571498
1992;30;0.048239528
1992;31;0.012755522
1992;32;0.139327931
1992;33;0.087918508
1992;34;0.15012091
1992;35;0.194447395
1992;36;0.438952109
1992;37;0.318557797
1992;38;0.2041781
1992;39;0.049521157
1992;40;0.17805107
1992;41;0.076620159
1992;42;0.011224396
1992;43;0.010978005
1992;44;0.009441367
1992;45;0.015126857
1992;46;0.270179636
1992;47;0.812763721
1992;48;0.693470599
1992;49;0.353156222
1992;50;0.466181012
1992;51;0.207617485
1992;52;0.294641637
1992;53;0.118361196
1992;54;0.000643969
1992;55;0.000249668
1992;56;0.000332932
1992;57;0.000352426
1992;58;0.000191592
1992;59;0.063920814
1992;60;0.579817258
1992;61;3.41886E-05
1992;62;0.068026505
1992;63;0.001857124
1992;64;0.000267221
1992;65;0.000317251
1992;66;0.029873336
1993;1;0.239921167
1993;2;0.182684666
1993;3;0.090780675
1993;4;0.028884396
1993;5;0.078058976
1993;6;0.034648867
1993;7;0.355982943
1993;8;0.149630937
1993;9;0.129720841
1993;10;0.024059079
1993;11;0.033846955
1993;12;0.031834762
1993;13;0.179950935
1993;14;0.238804937
1993;15;0.046600072
1993;16;0.048518765
1993;17;0.034520074
1993;18;0.064752787
1993;19;1.028489805
1993;20;0.254897421
1993;21;0.441503281
1993;22;0.630084587
1993;23;0.12295155
1993;24;0.360986694
1993;25;0.359964385
1993;26;0.156373354
1993;27;0.173661925
1993;28;0.058071842
1993;29;0.134514274
1993;30;0.046069125
1993;31;0.013697796
1993;32;0.136484533
1993;33;0.098719761
1993;34;0.159949239
1993;35;0.201462781
1993;36;0.447828377
1993;37;0.309788259
1993;38;0.200073444
1993;39;0.046888188
1993;40;0.147068377
1993;41;0.06066991
1993;42;0.010148458
1993;43;0.010488397
1993;44;0.010660881
1993;45;0.016773206
1993;46;0.257866882
1993;47;0.846844865
1993;48;0.743690104
1993;49;0.344496959
1993;50;0.441170522
1993;51;0.209313095
1993;52;0.288761569
1993;53;0.108840656
1993;54;0.00049656
1993;55;0.000221439
1993;56;0.00033368
1993;57;0.000353157
1993;58;0.000198144
1993;59;0.056048296
1993;60;0.542091898
1993;61;2.12492E-05
1993;62;0.08666958
1993;63;0.001026657
1993;64;5.45232E-05
1993;65;0.000318202
1993;66;0.019376317
1994;1;0.249435428
1994;2;0.17840795
1994;3;0.149277633
1994;4;0.036124797
1994;5;0.091879641
1994;6;0.053843125
1994;7;0.230849674
1994;8;0.085142017
1994;9;0.091963734
1994;10;0.033129922
1994;11;0.032202242
1994;12;0.036673612
1994;13;0.226156471
1994;14;0.222193525
1994;15;0.033402261
1994;16;0.04721054
1994;17;0.033908131
1994;18;0.127402812
1994;19;0.832603932
1994;20;0.349420265
1994;21;0.48296249
1994;22;0.591951103
1994;23;0.186686872
1994;24;0.367484826
1994;25;0.342767946
1994;26;0.169582029
1994;27;0.165602833
1994;28;0.056095295
1994;29;0.126306682
1994;30;0.046585198
1994;31;0.012262214
1994;32;0.156812406
1994;33;0.097121871
1994;34;0.177790162
1994;35;0.205456917
1994;36;0.540610625
1994;37;0.32087361
1994;38;0.211014122
1994;39;0.043641258
1994;40;0.144343342
1994;41;0.04847227
1994;42;0.009489529
1994;43;0.010917869
1994;44;0.012989925
1994;45;0.019046899
1994;46;0.276502401
1994;47;1.050314078
1994;48;0.935459421
1994;49;0.34118018
1994;50;0.409553991
1994;51;0.203425531
1994;52;0.276337281
1994;53;0.099879875
1994;54;0.000532865
1994;55;0.000229112
1994;56;0.000333219
1994;57;0.000352707
1994;58;0.000250701
1994;59;0.056976463
1994;60;0.516551079
1994;61;2.59459E-05
1994;62;0.077899365
1994;63;0.000881873
1994;64;5.27287E-05
1994;65;0.000298135
1994;66;0.015359364
1995;1;0.268139997
1995;2;0.151205749
1995;3;0.123017248
1995;4;0.044259435
1995;5;0.068055068
1995;6;0.030258817
1995;7;0.223683227
1995;8;0.077580745
1995;9;0.053405248
1995;10;0.041011474
1995;11;0.036980929
1995;12;0.038059135
1995;13;0.239096663
1995;14;0.26109318
1995;15;0.041555767
1995;16;0.044275195
1995;17;0.034333995
1995;18;0.127376126
1995;19;0.771938195
1995;20;0.336541622
1995;21;0.502992194
1995;22;0.659783372
1995;23;0.250372164
1995;24;0.413716133
1995;25;0.410694909
1995;26;0.165273297
1995;27;0.197047069
1995;28;0.057414698
1995;29;0.12920764
1995;30;0.048408875
1995;31;0.013553603
1995;32;0.166237882
1995;33;0.081399634
1995;34;0.184303694
1995;35;0.196150882
1995;36;0.524663255
1995;37;0.304510694
1995;38;0.219033142
1995;39;0.044846918
1995;40;0.152838162
1995;41;0.049988242
1995;42;0.011667179
1995;43;0.014642272
1995;44;0.023668784
1995;45;0.027532154
1995;46;0.307094996
1995;47;1.060737149
1995;48;0.951182329
1995;49;0.350336242
1995;50;0.419866664
1995;51;0.213115696
1995;52;0.297929474
1995;53;0.102491102
1995;54;0.000670959
1995;55;0.000253154
1995;56;0.000329626
1995;57;0.000349191
1995;58;0.000197543
1995;59;0.072904788
1995;60;0.57680526
1995;61;2.49699E-05
1995;62;0.083541857
1995;63;0.000721402
1995;64;6.94634E-05
1995;65;0.00029
1995;66;0.011776187
1996;1;0.239270776
1996;2;0.15896494
1996;3;0.130488329
1996;4;0.048121835
1996;5;0.069585599
1996;6;0.023910858
1996;7;0.229030296
1996;8;0.082866302
1996;9;0.06578707
1996;10;0.043094155
1996;11;0.03689203
1996;12;0.039531076
1996;13;0.26035604
1996;14;0.291495998
1996;15;0.035864321
1996;16;0.047368539
1996;17;0.032733106
1996;18;0.127943383
1996;19;0.816582575
1996;20;0.347250001
1996;21;0.533554795
1996;22;0.570172491
1996;23;0.324160871
1996;24;0.401205041
1996;25;0.411549975
1996;26;0.157897376
1996;27;0.213373978
1996;28;0.059064493
1996;29;0.119999701
1996;30;0.051855926
1996;31;0.010607347
1996;32;0.17729896
1996;33;0.081796467
1996;34;0.194977903
1996;35;0.189967159
1996;36;0.501771883
1996;37;0.296037042
1996;38;0.225082455
1996;39;0.03220154
1996;40;0.106940203
1996;41;0.037339816
1996;42;0.010122143
1996;43;0.013176552
1996;44;0.017732223
1996;45;0.023881532
1996;46;0.264515796
1996;47;1.016161371
1996;48;0.837250209
1996;49;0.404849359
1996;50;0.506724221
1996;51;0.241925703
1996;52;0.317487209
1996;53;0.098515663
1996;54;0.000528816
1996;55;0.000229078
1996;56;0.000329626
1996;57;0.000349191
1996;58;0.000201798
1996;59;0.089975483
1996;60;0.714053571
1996;61;2.90446E-05
1996;62;0.076059202
1996;63;0.00076902
1996;64;2.72212E-05
1996;65;0.000307983
1996;66;0.012553178
1997;1;0.22168847
1997;2;0.15766384
1997;3;0.152699162
1997;4;0.052355306
1997;5;0.07797787
1997;6;0.031593584
1997;7;0.242383876
1997;8;0.081800055
1997;9;0.081399196
1997;10;0.009689372
1997;11;0.045742081
1997;12;0.034052139
1997;13;0.213779575
1997;14;0.312801521
1997;15;0.035497455
1997;16;0.052989679
1997;17;0.034066037
1997;18;0.13707353
1997;19;0.859378192
1997;20;0.34143625
1997;21;0.555161749
1997;22;0.575671227
1997;23;0.281133793
1997;24;0.395510044
1997;25;0.472832612
1997;26;0.147636465
1997;27;0.189667775
1997;28;0.060195528
1997;29;0.116678599
1997;30;0.052309392
1997;31;0.00997346
1997;32;0.186962853
1997;33;0.092292695
1997;34;0.209144775
1997;35;0.200025406
1997;36;0.553512131
1997;37;0.302683935
1997;38;0.226055183
1997;39;0.030827273
1997;40;0.098220921
1997;41;0.035379425
1997;42;0.009864817
1997;43;0.011679551
1997;44;0.01517619
1997;45;0.022245932
1997;46;0.399013932
1997;47;1.21398182
1997;48;1.017510136
1997;49;0.41801529
1997;50;0.354932998
1997;51;0.148792242
1997;52;0.185408063
1997;53;0.08207784
1997;54;0.000540636
1997;55;0.000231374
1997;56;0.000334682
1997;57;0.000354137
1997;58;0.000197582
1997;59;0.079564749
1997;60;0.720801707
1997;61;2.37918E-05
1997;62;0.059434176
1997;63;0.000743298
1997;64;2.17637E-05
1997;65;0.000280599
1997;66;0.010204223
1998;1;0.219558641
1998;2;0.153440716
1998;3;0.134914857
1998;4;0.032730101
1998;5;0.078545089
1998;6;0.035659456
1998;7;0.227124343
1998;8;0.086961552
1998;9;0.100237011
1998;10;0.014095638
1998;11;0.033976555
1998;12;0.040604512
1998;13;0.179935163
1998;14;0.269137062
1998;15;0.034110962
1998;16;0.050980678
1998;17;0.035792792
1998;18;0.130517441
1998;19;0.865637896
1998;20;0.276330244
1998;21;0.497492284
1998;22;0.558483701
1998;23;0.228256544
1998;24;0.410744927
1998;25;0.469957136
1998;26;0.139556806
1998;27;0.194896528
1998;28;0.065015113
1998;29;0.136370619
1998;30;0.050403487
1998;31;0.011949625
1998;32;0.171443173
1998;33;0.098243236
1998;34;0.224213005
1998;35;0.203425932
1998;36;0.582216125
1998;37;0.307987467
1998;38;0.232153192
1998;39;0.012112546
1998;40;0.018344459
1998;41;0.011731029
1998;42;0.010702448
1998;43;0.01100995
1998;44;0.011081828
1998;45;0.019506029
1998;46;0.454679447
1998;47;1.341228622
1998;48;1.025655109
1998;49;0.320965422
1998;50;0.275115396
1998;51;0.109684743
1998;52;0.17727299
1998;53;0.071444742
1998;54;0.000466647
1998;55;0.00022038
1998;56;0.000336139
1998;57;0.000355563
1998;58;0.000182859
1998;59;0.060940392
1998;60;0.763010154
1998;61;2.67406E-05
1998;62;0.064240848
1998;63;0.000745714
1998;64;3.09909E-05
1998;65;0.000277769
1998;66;0.009842821
1999;1;0.218064708
1999;2;0.154037136
1999;3;0.145858365
1999;4;0.042069467
1999;5;0.071040123
1999;6;0.025888334
1999;7;0.221828041
1999;8;0.089044076
1999;9;0.115547296
1999;10;0.010317589
1999;11;0.041843534
1999;12;0.031493205
1999;13;0.190943989
1999;14;0.2613731
1999;15;0.038191488
1999;16;0.053959818
1999;17;0.03801642
1999;18;0.160160588
1999;19;0.940384912
1999;20;0.239153131
1999;21;0.463629452
1999;22;0.545615829
1999;23;0.255375806
1999;24;0.300366764
1999;25;0.431094359
1999;26;0.132673744
1999;27;0.19452891
1999;28;0.063404996
1999;29;0.134648675
1999;30;0.056625956
1999;31;0.013209358
1999;32;0.183031181
1999;33;0.108348137
1999;34;0.226760655
1999;35;0.502898245
1999;36;0.624969314
1999;37;0.332572589
1999;38;0.177692482
1999;39;0.015330297
1999;40;0.016830315
1999;41;0.008596019
1999;42;0.012906506
1999;43;0.013259203
1999;44;0.012095727
1999;45;0.024653577
1999;46;0.41013271
1999;47;1.424539763
1999;48;1.098322387
1999;49;0.340044496
1999;50;0.311748516
1999;51;0.113529229
1999;52;0.167179441
1999;53;0.068242033
1999;54;0.00059043
1999;55;0.00024322
1999;56;0.000336556
1999;57;0.000355971
1999;58;0.000151291
1999;59;0.068419481
1999;60;0.87719385
1999;61;2.36328E-05
1999;62;0.064136675
1999;63;0.000815289
1999;64;0.000255137
1999;65;0.000307756
1999;66;0.010460316
2000;1;0.204664856
2000;2;0.115715744
2000;3;0.144352493
2000;4;0.039842797
2000;5;0.072722241
2000;6;0.035203124
2000;7;0.20323579
2000;8;0.081074223
2000;9;0.116184814
2000;10;0.009425352
2000;11;0.034492058
2000;12;0.032415163
2000;13;0.182325054
2000;14;0.212066637
2000;15;0.043202713
2000;16;0.056951297
2000;17;0.039965538
2000;18;0.107583304
2000;19;0.983392391
2000;20;0.202736704
2000;21;0.456119184
2000;22;0.495147244
2000;23;0.232072712
2000;24;0.361835446
2000;25;0.425376803
2000;26;0.132799908
2000;27;0.194910489
2000;28;0.058459666
2000;29;0.139371788
2000;30;0.055382555
2000;31;0.011891423
2000;32;0.174675763
2000;33;0.121925289
2000;34;0.226516243
2000;35;0.499677293
2000;36;0.682000757
2000;37;0.330888406
2000;38;0.184281531
2000;39;0.015624681
2000;40;0.018910143
2000;41;0.009951542
2000;42;0.015857063
2000;43;0.013589357
2000;44;0.011490866
2000;45;0.024509985
2000;46;0.388484676
2000;47;1.398777649
2000;48;1.147473683
2000;49;0.426943271
2000;50;0.375095722
2000;51;0.129545353
2000;52;0.157095831
2000;53;0.070356328
2000;54;0.000568235
2000;55;0.000243616
2000;56;0.000337517
2000;57;0.000356912
2000;58;0.000134507
2000;59;0.058825591
2000;60;0.584014141
2000;61;3.57339E-05
2000;62;0.066648209
2000;63;0.000694892
2000;64;0.000225348
2000;65;0.000292648
2000;66;0.028830474
2001;1;0.236799467
2001;2;0.141043531
2001;3;0.127785476
2001;4;0.044730006
2001;5;0.066719215
2001;6;0.032266684
2001;7;0.212105938
2001;8;0.084419149
2001;9;0.112148276
2001;10;0.007290382
2001;11;0.046157498
2001;12;0.030215691
2001;13;0.212942184
2001;14;0.205043559
2001;15;0.052477037
2001;16;0.064618788
2001;17;0.042107238
2001;18;0.12772049
2001;19;0.926276697
2001;20;0.2264442
2001;21;0.523035545
2001;22;0.451717078
2001;23;0.221380682
2001;24;0.342972792
2001;25;0.421792764
2001;26;0.139045914
2001;27;0.211308068
2001;28;0.06049937
2001;29;0.145519736
2001;30;0.060807058
2001;31;0.015382716
2001;32;0.151922266
2001;33;0.110510602
2001;34;0.210378505
2001;35;0.494775924
2001;36;0.689545758
2001;37;0.363101923
2001;38;0.198651077
2001;39;0.01830695
2001;40;0.015816821
2001;41;0.009848631
2001;42;0.013740705
2001;43;0.012338773
2001;44;0.010295384
2001;45;0.021767243
2001;46;0.375178466
2001;47;1.366554526
2001;48;1.143274443
2001;49;0.3765457
2001;50;0.354462795
2001;51;0.119829279
2001;52;0.13985922
2001;53;0.067242675
2001;54;0.000565926
2001;55;0.000248483
2001;56;0.0003345
2001;57;0.00035396
2001;58;0.000126385
2001;59;0.088720219
2001;60;1.392284218
2001;61;2.51435E-05
2001;62;0.072717722
2001;63;0.00087725
2001;64;0.000229804
2001;65;0.000298249
2001;66;0.014717313
2002;1;0.219949932
2002;2;0.13181497
2002;3;0.1096971
2002;4;0.051308769
2002;5;0.067984814
2002;6;0.030914128
2002;7;0.200981913
2002;8;0.083021942
2002;9;0.104274792
2002;10;0.0099574
2002;11;0.042136411
2002;12;0.036208486
2002;13;0.182969344
2002;14;0.205048519
2002;15;0.056757353
2002;16;0.067041217
2002;17;0.042586825
2002;18;0.146527303
2002;19;0.941621667
2002;20;0.246725629
2002;21;0.489598603
2002;22;0.500497765
2002;23;0.171723278
2002;24;0.306896141
2002;25;0.299461478
2002;26;0.131351957
2002;27;0.174739785
2002;28;0.057392397
2002;29;0.140283132
2002;30;0.062276318
2002;31;0.014441629
2002;32;0.165581879
2002;33;0.111518048
2002;34;0.235049431
2002;35;0.534523524
2002;36;0.642445722
2002;37;0.380534718
2002;38;0.230422295
2002;39;0.017392994
2002;40;0.017320572
2002;41;0.009166817
2002;42;0.015704265
2002;43;0.012976487
2002;44;0.010347602
2002;45;0.022824618
2002;46;0.341745141
2002;47;1.052316107
2002;48;0.813176607
2002;49;0.329320103
2002;50;0.396381217
2002;51;0.200823557
2002;52;0.238758459
2002;53;0.099966173
2002;54;0.000440865
2002;55;0.000221935
2002;56;0.000329626
2002;57;0.000349191
2002;58;0.00014295
2002;59;0.081500106
2002;60;1.400507275
2002;61;2.27302E-05
2002;62;0.08319011
2002;63;0.000768319
2002;64;0.000141412
2002;65;0.000300302
2002;66;0.014468866
2003;1;0.239716124
2003;2;0.147553562
2003;3;0.108823074
2003;4;0.043769803
2003;5;0.063337701
2003;6;0.0331373
2003;7;0.197841618
2003;8;0.066898366
2003;9;0.107695695
2003;10;0.011729106
2003;11;0.04739232
2003;12;0.033480577
2003;13;0.158752801
2003;14;0.192843078
2003;15;0.049924003
2003;16;0.064782545
2003;17;0.045419544
2003;18;0.16299754
2003;19;1.055692356
2003;20;0.219711672
2003;21;0.634009041
2003;22;0.432928362
2003;23;0.166504783
2003;24;0.323649623
2003;25;0.295002354
2003;26;0.130738178
2003;27;0.158005988
2003;28;0.064119341
2003;29;0.148349591
2003;30;0.070076754
2003;31;0.016397524
2003;32;0.171352741
2003;33;0.122217476
2003;34;0.23274097
2003;35;0.537580728
2003;36;0.679328028
2003;37;0.398995548
2003;38;0.245220961
2003;39;0.018741097
2003;40;0.019599636
2003;41;0.01001894
2003;42;0.015555848
2003;43;0.013093629
2003;44;0.010404968
2003;45;0.024488823
2003;46;0.330568692
2003;47;1.025364121
2003;48;0.815366329
2003;49;0.262710685
2003;50;0.385995386
2003;51;0.254969441
2003;52;0.354873833
2003;53;0.116359334
2003;54;0.000460193
2003;55;0.000225323
2003;56;0.000329626
2003;57;0.000349191
2003;58;0.000121199
2003;59;0.062697911
2003;60;1.62146933
2003;61;3.23047E-05
2003;62;0.074838322
2003;63;0.000877846
2003;64;0.000215462
2003;65;0.00029831
2003;66;0.016033574
2004;1;0.230596556
2004;2;0.177403492
2004;3;0.138781677
2004;4;0.043207016
2004;5;0.066009585
2004;6;0.03041672
2004;7;0.213120668
2004;8;0.072881929
2004;9;0.08020421
2004;10;0.007400835
2004;11;0.044272521
2004;12;0.031483981
2004;13;0.202939691
2004;14;0.197474197
2004;15;0.046921812
2004;16;0.057677233
2004;17;0.043354926
2004;18;0.192340773
2004;19;1.133913457
2004;20;0.255945061
2004;21;0.606111139
2004;22;0.426796024
2004;23;0.168267398
2004;24;0.323001294
2004;25;0.270849673
2004;26;0.131293157
2004;27;0.165497379
2004;28;0.063671437
2004;29;0.135863548
2004;30;0.071657495
2004;31;0.015526005
2004;32;0.173197798
2004;33;0.123481153
2004;34;0.245596808
2004;35;0.534069932
2004;36;0.687685578
2004;37;0.416967689
2004;38;0.262157576
2004;39;0.019792579
2004;40;0.021071734
2004;41;0.010546643
2004;42;0.01599006
2004;43;0.013570806
2004;44;0.01171196
2004;45;0.0256619
2004;46;0.276759941
2004;47;1.047104475
2004;48;0.869679505
2004;49;0.219291411
2004;50;0.360205332
2004;51;0.239196522
2004;52;0.337143684
2004;53;0.104480183
2004;54;0.000504217
2004;55;0.000230672
2004;56;0.000329626
2004;57;0.000349191
2004;58;0.000118029
2004;59;0.078220773
2004;60;1.373634713
2004;61;3.11864E-05
2004;62;0.072571383
2004;63;0.000947237
2004;64;0.000293281
2004;65;0.000300951
2004;66;0.0173036
2005;1;0.252964252
2005;2;0.182035233
2005;3;0.1592326
2005;4;0.042242122
2005;5;0.063306127
2005;6;0.025914308
2005;7;0.169858354
2005;8;0.072055476
2005;9;0.082051385
2005;10;0.006525267
2005;11;0.043093794
2005;12;0.030886071
2005;13;0.197813767
2005;14;0.191015457
2005;15;0.050078584
2005;16;0.062459659
2005;17;0.046373735
2005;18;0.182450768
2005;19;0.976474475
2005;20;0.244841079
2005;21;0.50878031
2005;22;0.392565237
2005;23;0.15492488
2005;24;0.342795924
2005;25;0.336084395
2005;26;0.156982013
2005;27;0.168162511
2005;28;0.063040621
2005;29;0.130217055
2005;30;0.069474096
2005;31;0.014532231
2005;32;0.18306608
2005;33;0.112717996
2005;34;0.223505061
2005;35;0.508385784
2005;36;0.685395741
2005;37;0.411131612
2005;38;0.282676375
2005;39;0.020689371
2005;40;0.022070383
2005;41;0.009210643
2005;42;0.01301454
2005;43;0.011968547
2005;44;0.010561196
2005;45;0.026043002
2005;46;0.259106435
2005;47;1.057967796
2005;48;0.824134912
2005;49;0.211518786
2005;50;0.377959733
2005;51;0.256032111
2005;52;0.353916778
2005;53;0.106089758
2005;54;0.000493455
2005;55;0.000233467
2005;56;0.000329626
2005;57;0.000349191
2005;58;0.000107564
2005;59;0.065044602
2005;60;1.423484588
2005;61;3.6814E-05
2005;62;0.092497667
2005;63;0.000950751
2005;64;0.0002723
2005;65;0.000300913
2005;66;0.017166
2006;1;0.216906803
2006;2;0.159390555
2006;3;0.155439021
2006;4;0.041862174
2006;5;0.062616591
2006;6;0.027628118
2006;7;0.179161051
2006;8;0.07151361
2006;9;0.078830537
2006;10;0.006956833
2006;11;0.047153537
2006;12;0.031099751
2006;13;0.196329834
2006;14;0.231229192
2006;15;0.046349991
2006;16;0.058250999
2006;17;0.044664225
2006;18;0.201281742
2006;19;0.879032175
2006;20;0.237267362
2006;21;0.537577688
2006;22;0.395017695
2006;23;0.165550131
2006;24;0.357753192
2006;25;0.325862007
2006;26;0.16800401
2006;27;0.145443751
2006;28;0.06275271
2006;29;0.114258293
2006;30;0.063349384
2006;31;0.01089428
2006;32;0.186696968
2006;33;0.124039466
2006;34;0.263094364
2006;35;0.509908815
2006;36;0.687743832
2006;37;0.457652989
2006;38;0.243760497
2006;39;0.020349001
2006;40;0.021346081
2006;41;0.010568244
2006;42;0.011323793
2006;43;0.011727497
2006;44;0.011679113
2006;45;0.027272395
2006;46;0.222334898
2006;47;1.17290873
2006;48;0.842797997
2006;49;0.170613143
2006;50;0.331352028
2006;51;0.24856566
2006;52;0.333834383
2006;53;0.097166946
2006;54;0.000537235
2006;55;0.000242528
2006;56;0.000329626
2006;57;0.000349191
2006;58;0.000106951
2006;59;0.058336771
2006;60;1.520271618
2006;61;6.46502E-05
2006;62;0.060708483
2006;63;0.000929387
2006;64;0.000370092
2006;65;0.000300489
2006;66;0.020154414
2007;1;0.145156747
2007;2;0.126794469
2007;3;0.132085831
2007;4;0.041042161
2007;5;0.062025454
2007;6;0.032578713
2007;7;0.154929072
2007;8;0.071949012
2007;9;0.075294747
2007;10;0.011281957
2007;11;0.045286717
2007;12;0.026087797
2007;13;0.17867572
2007;14;0.24181793
2007;15;0.038612907
2007;16;0.05225096
2007;17;0.028985763
2007;18;0.176601557
2007;19;0.799041287
2007;20;0.222754587
2007;21;0.516252724
2007;22;0.363830324
2007;23;0.156780096
2007;24;0.317727519
2007;25;0.309968751
2007;26;0.154069356
2007;27;0.169175999
2007;28;0.066901587
2007;29;0.113499829
2007;30;0.055169923
2007;31;0.010228633
2007;32;0.163517486
2007;33;0.106048546
2007;34;0.2594493
2007;35;0.443741441
2007;36;0.712359744
2007;37;0.505841214
2007;38;0.220212633
2007;39;0.01908131
2007;40;0.022088663
2007;41;0.011123284
2007;42;0.008974648
2007;43;0.01042725
2007;44;0.013024746
2007;45;0.031892758
2007;46;0.20695772
2007;47;1.411152594
2007;48;1.032475937
2007;49;0.190247257
2007;50;0.324898848
2007;51;0.256462105
2007;52;0.303583824
2007;53;0.096296082
2007;55;1.25715E-08
2007;58;7.263E-05
2007;59;0.052968634
2007;60;1.317389766
2007;61;6.42528E-05
2007;62;0.053232067
2007;63;0.000533188
2007;64;0.000135491
2007;65;3.99985E-06
2007;66;0.016471337
2008;1;0.133822682
2008;2;0.131537166
2008;3;0.138579776
2008;4;0.047781552
2008;5;0.059493613
2008;6;0.030566657
2008;7;0.165055113
2008;8;0.076158858
2008;9;0.080471313
2008;10;0.010861302
2008;11;0.05360967
2008;12;0.025495338
2008;13;0.197541574
2008;14;0.225523021
2008;15;0.038461761
2008;16;0.060795328
2008;17;0.031139894
2008;18;0.175873221
2008;19;0.752879804
2008;20;0.215503377
2008;21;0.502769506
2008;22;0.363125539
2008;23;0.152118345
2008;24;0.291572675
2008;25;0.302979461
2008;26;0.138088442
2008;27;0.184083177
2008;28;0.066297582
2008;29;0.11202072
2008;30;0.051958677
2008;31;0.010233556
2008;32;0.164918391
2008;33;0.101896028
2008;34;0.270876721
2008;35;0.356895103
2008;36;0.701293899
2008;37;0.471110978
2008;38;0.217239054
2008;39;0.019080628
2008;40;0.022455761
2008;41;0.012502997
2008;42;0.010299776
2008;43;0.010395099
2008;44;0.013619232
2008;45;0.033057602
2008;46;0.190311421
2008;47;1.419081215
2008;48;1.048898371
2008;49;0.189610983
2008;50;0.321622705
2008;51;0.265820459
2008;52;0.305554474
2008;53;0.101058284
2008;55;3.58353E-06
2008;58;7.00722E-05
2008;59;0.049308374
2008;60;1.13601852
2008;61;7.31255E-05
2008;62;0.04548993
2008;63;0.000611643
2008;64;0.000144173
2008;65;3.55417E-05
2008;66;0.015714852
2009;1;0.123424164
2009;2;0.099576762
2009;3;0.104450509
2009;4;0.043806194
2009;5;0.060865553
2009;6;0.031815656
2009;7;0.159244557
2009;8;0.071205095
2009;9;0.069611112
2009;10;0.011812844
2009;11;0.049707692
2009;12;0.026260014
2009;13;0.172329775
2009;14;0.17391238
2009;15;0.042794718
2009;16;0.067392737
2009;17;0.034110235
2009;18;0.160559042
2009;19;0.813628581
2009;20;0.241068878
2009;21;0.489019006
2009;22;0.357173223
2009;23;0.171765146
2009;24;0.265896617
2009;25;0.288766559
2009;26;0.143832953
2009;27;0.202289075
2009;28;0.068363169
2009;29;0.103059518
2009;30;0.050683183
2009;31;0.009976469
2009;32;0.162631324
2009;33;0.109194772
2009;34;0.290217523
2009;35;0.341097742
2009;36;0.709039355
2009;37;0.463023336
2009;38;0.220990346
2009;39;0.020086224
2009;40;0.02375366
2009;41;0.01162972
2009;42;0.008896327
2009;43;0.010083637
2009;44;0.014360091
2009;45;0.035376883
2009;46;0.182928002
2009;47;1.399334978
2009;48;1.043115145
2009;49;0.184443844
2009;50;0.319572789
2009;51;0.253970842
2009;52;0.308147771
2009;53;0.096268862
2009;58;9.09449E-05
2009;59;0.055849346
2009;60;0.835650545
2009;61;6.8835E-05
2009;62;0.045563463
2009;63;0.000522354
2009;64;0.000573388
2009;65;3.38229E-06
2009;66;0.015231808
2010;1;0.131764467
2010;2;0.111252197
2010;3;0.12465522
2010;4;0.044416066
2010;5;0.054603849
2010;6;0.026859089
2010;7;0.173275597
2010;8;0.068505173
2010;9;0.068469693
2010;10;0.012837697
2010;11;0.046191831
2010;12;0.023551672
2010;13;0.151859621
2010;14;0.162514654
2010;15;0.040671485
2010;16;0.061613206
2010;17;0.030839485
2010;18;0.168733083
2010;19;0.877293043
2010;20;0.260686602
2010;21;0.500021206
2010;22;0.368891568
2010;23;0.178502216
2010;24;0.268293327
2010;25;0.282732164
2010;26;0.134741687
2010;27;0.21281767
2010;28;0.075544421
2010;29;0.109485817
2010;30;0.052914009
2010;31;0.010435644
2010;32;0.170068204
2010;33;0.114513218
2010;34;0.297716414
2010;35;0.377510531
2010;36;0.732527245
2010;37;0.489664895
2010;38;0.224587109
2010;39;0.020295644
2010;40;0.023673756
2010;41;0.010475755
2010;42;0.01019914
2010;43;0.010496149
2010;44;0.01491039
2010;45;0.035840348
2010;46;0.203816941
2010;47;1.425327534
2010;48;1.046521575
2010;49;0.186391106
2010;50;0.330320449
2010;51;0.252323055
2010;52;0.320665814
2010;53;0.098460477
2010;54;5.07804E-08
2010;55;4.4096E-06
2010;58;9.53255E-05
2010;59;0.06013674
2010;60;0.811912656
2010;61;8.97691E-05
2010;62;0.044368016
2010;63;0.000667106
2010;64;0.000495772
2010;65;3.96381E-05
2010;66;0.01636741
